gender,race/ethnicity,parental level of education,lunch,test preparation course,math score,reading score,writing score,average_score,highest_score,lowest_score,score_gap,score_std,strongest_subject,weakest_subject,performance_level,consistency,at_risk,performance_profile
female,group B,bachelor's degree,standard,none,72,72,74,72.66666666666667,74,72,2,1.1547005383792517,Writing,Mathematics,Good,Highly Consistent,Not At Risk,Balanced High Performer
female,group C,some college,standard,completed,69,90,88,82.33333333333333,90,69,21,11.590225767142474,Reading,Mathematics,Excellent,Moderately Consistent,Not At Risk,Language-Oriented
female,group B,master's degree,standard,none,90,95,93,92.66666666666667,95,90,5,2.516611478423583,Reading,Mathematics,Excellent,Highly Consistent,Not At Risk,Balanced High Performer
male,group A,associate's degree,free/reduced,none,47,57,44,49.333333333333336,57,44,13,6.8068592855540455,Reading,Writing,Poor,Consistent,At Risk,At-Risk Performer
male,group C,some college,standard,none,76,78,75,76.33333333333333,78,75,3,1.5275252316519468,Reading,Writing,Good,Highly Consistent,Not At Risk,Balanced High Performer
female,group B,associate's degree,standard,none,71,83,78,77.33333333333333,83,71,12,6.027713773341708,Reading,Mathematics,Good,Consistent,Not At Risk,Balanced High Performer
female,group B,some college,standard,completed,88,95,92,91.66666666666667,95,88,7,3.511884584284246,Reading,Mathematics,Excellent,Highly Consistent,Not At Risk,Balanced High Performer
male,group B,some college,free/reduced,none,40,43,39,40.666666666666664,43,39,4,2.0816659994661326,Reading,Writing,Poor,Highly Consistent,At Risk,At-Risk Performer
male,group D,high school,free/reduced,completed,64,64,67,65.0,67,64,3,1.7320508075688772,Writing,Mathematics,Average,Highly Consistent,Not At Risk,Developing Performer
female,group B,high school,free/reduced,none,38,60,50,49.333333333333336,60,38,22,11.015141094572204,Reading,Mathematics,Poor,Moderately Consistent,At Risk,At-Risk Performer
male,group C,associate's degree,standard,none,58,54,52,54.666666666666664,58,52,6,3.055050463303893,Mathematics,Writing,Below Average,Highly Consistent,Not At Risk,Developing Performer
male,group D,associate's degree,standard,none,40,52,43,45.0,52,40,12,6.244997998398398,Reading,Mathematics,Poor,Consistent,At Risk,At-Risk Performer
female,group B,high school,standard,none,65,81,73,73.0,81,65,16,8.0,Reading,Mathematics,Good,Consistent,Not At Risk,Developing Performer
male,group A,some college,standard,completed,78,72,70,73.33333333333333,78,70,8,4.163331998932265,Mathematics,Writing,Good,Highly Consistent,Not At Risk,Balanced High Performer
female,group A,master's degree,standard,none,50,53,58,53.666666666666664,58,50,8,4.041451884327381,Writing,Mathematics,Below Average,Highly Consistent,Not At Risk,Developing Performer
female,group C,some high school,standard,none,69,75,78,74.0,78,69,9,4.58257569495584,Writing,Mathematics,Good,Highly Consistent,Not At Risk,Developing Performer
male,group C,high school,standard,none,88,89,86,87.66666666666667,89,86,3,1.5275252316519468,Reading,Writing,Excellent,Highly Consistent,Not At Risk,Balanced High Performer
female,group B,some high school,free/reduced,none,18,32,28,26.0,32,18,14,7.211102550927978,Reading,Mathematics,Poor,Consistent,At Risk,At-Risk Performer
male,group C,master's degree,free/reduced,completed,46,42,46,44.666666666666664,46,42,4,2.309401076758503,Mathematics,Reading,Poor,Highly Consistent,At Risk,At-Risk Performer
female,group C,associate's degree,free/reduced,none,54,58,61,57.666666666666664,61,54,7,3.511884584284246,Writing,Mathematics,Below Average,Highly Consistent,Not At Risk,Developing Performer
male,group D,high school,standard,none,66,69,63,66.0,69,63,6,3.0,Reading,Writing,Average,Highly Consistent,Not At Risk,Developing Performer
female,group B,some college,free/reduced,completed,65,75,70,70.0,75,65,10,5.0,Reading,Mathematics,Good,Highly Consistent,Not At Risk,Developing Performer
male,group D,some college,standard,none,44,54,53,50.333333333333336,54,44,10,5.507570547286102,Reading,Mathematics,Below Average,Consistent,Not At Risk,Developing Performer
female,group C,some high school,standard,none,69,73,73,71.66666666666667,73,69,4,2.3094010767585034,Reading,Mathematics,Good,Highly Consistent,Not At Risk,Developing Performer
male,group D,bachelor's degree,free/reduced,completed,74,71,80,75.0,80,71,9,4.58257569495584,Writing,Reading,Good,Highly Consistent,Not At Risk,Balanced High Performer
male,group A,master's degree,free/reduced,none,73,74,72,73.0,74,72,2,1.0,Reading,Writing,Good,Highly Consistent,Not At Risk,Balanced High Performer
male,group B,some college,standard,none,69,54,55,59.333333333333336,69,54,15,8.386497083606084,Mathematics,Reading,Below Average,Consistent,Not At Risk,Math-Oriented
female,group C,bachelor's degree,standard,none,67,69,75,70.33333333333333,75,67,8,4.163331998932265,Writing,Mathematics,Good,Highly Consistent,Not At Risk,Developing Performer
male,group C,high school,standard,none,70,70,65,68.33333333333333,70,65,5,2.8867513459481287,Mathematics,Writing,Average,Highly Consistent,Not At Risk,Developing Performer
female,group D,master's degree,standard,none,62,70,75,69.0,75,62,13,6.557438524302,Writing,Mathematics,Average,Consistent,Not At Risk,Developing Performer
female,group D,some college,standard,none,69,74,74,72.33333333333333,74,69,5,2.8867513459481287,Reading,Mathematics,Good,Highly Consistent,Not At Risk,Developing Performer
female,group B,some college,standard,none,63,65,61,63.0,65,61,4,2.0,Reading,Writing,Average,Highly Consistent,Not At Risk,Developing Performer
female,group E,master's degree,free/reduced,none,56,72,65,64.33333333333333,72,56,16,8.020806277010644,Reading,Mathematics,Average,Consistent,Not At Risk,Developing Performer
male,group D,some college,standard,none,40,42,38,40.0,42,38,4,2.0,Reading,Writing,Poor,Highly Consistent,At Risk,At-Risk Performer
male,group E,some college,standard,none,97,87,82,88.66666666666667,97,82,15,7.637626158259734,Mathematics,Writing,Excellent,Consistent,Not At Risk,Balanced High Performer
male,group E,associate's degree,standard,completed,81,81,79,80.33333333333333,81,79,2,1.1547005383792517,Mathematics,Writing,Excellent,Highly Consistent,Not At Risk,Balanced High Performer
female,group D,associate's degree,standard,none,74,81,83,79.33333333333333,83,74,9,4.725815626252608,Writing,Mathematics,Good,Highly Consistent,Not At Risk,Balanced High Performer
female,group D,some high school,free/reduced,none,50,64,59,57.666666666666664,64,50,14,7.094598884597588,Reading,Mathematics,Below Average,Consistent,Not At Risk,Developing Performer
female,group D,associate's degree,free/reduced,completed,75,90,88,84.33333333333333,90,75,15,8.144527815247079,Reading,Mathematics,Excellent,Consistent,Not At Risk,Balanced High Performer
male,group B,associate's degree,free/reduced,none,57,56,57,56.666666666666664,57,56,1,0.5773502691896258,Mathematics,Reading,Below Average,Highly Consistent,Not At Risk,Developing Performer
male,group C,associate's degree,free/reduced,none,55,61,54,56.666666666666664,61,54,7,3.785938897200183,Reading,Writing,Below Average,Highly Consistent,Not At Risk,Developing Performer
female,group C,associate's degree,standard,none,58,73,68,66.33333333333333,73,58,15,7.637626158259734,Reading,Mathematics,Average,Consistent,Not At Risk,Language-Oriented
female,group B,associate's degree,standard,none,53,58,65,58.666666666666664,65,53,12,6.027713773341708,Writing,Mathematics,Below Average,Consistent,Not At Risk,Developing Performer
male,group B,some college,free/reduced,completed,59,65,66,63.333333333333336,66,59,7,3.785938897200183,Writing,Mathematics,Average,Highly Consistent,Not At Risk,Developing Performer
female,group E,associate's degree,free/reduced,none,50,56,54,53.333333333333336,56,50,6,3.0550504633038935,Reading,Mathematics,Below Average,Highly Consistent,Not At Risk,Developing Performer
male,group B,associate's degree,standard,none,65,54,57,58.666666666666664,65,54,11,5.686240703077327,Mathematics,Reading,Below Average,Consistent,Not At Risk,Developing Performer
female,group A,associate's degree,standard,completed,55,65,62,60.666666666666664,65,55,10,5.131601439446884,Reading,Mathematics,Average,Consistent,Not At Risk,Developing Performer
female,group C,high school,standard,none,66,71,76,71.0,76,66,10,5.0,Writing,Mathematics,Good,Highly Consistent,Not At Risk,Developing Performer
female,group D,associate's degree,free/reduced,completed,57,74,76,69.0,76,57,19,10.44030650891055,Writing,Mathematics,Average,Moderately Consistent,Not At Risk,Language-Oriented
male,group C,high school,standard,completed,82,84,82,82.66666666666667,84,82,2,1.1547005383792517,Reading,Mathematics,Excellent,Highly Consistent,Not At Risk,Balanced High Performer
male,group E,some college,standard,none,53,55,48,52.0,55,48,7,3.605551275463989,Reading,Writing,Below Average,Highly Consistent,Not At Risk,Developing Performer
male,group E,associate's degree,free/reduced,completed,77,69,68,71.33333333333333,77,68,9,4.932882862316247,Mathematics,Writing,Good,Highly Consistent,Not At Risk,Developing Performer
male,group C,some college,standard,none,53,44,42,46.333333333333336,53,42,11,5.8594652770823155,Mathematics,Writing,Poor,Consistent,At Risk,At-Risk Performer
male,group D,high school,standard,none,88,78,75,80.33333333333333,88,75,13,6.8068592855540455,Mathematics,Writing,Excellent,Consistent,Not At Risk,Balanced High Performer
female,group C,some high school,free/reduced,completed,71,84,87,80.66666666666667,87,71,16,8.504900548115383,Writing,Mathematics,Excellent,Consistent,Not At Risk,Balanced High Performer
female,group C,high school,free/reduced,none,33,41,43,39.0,43,33,10,5.291502622129181,Writing,Mathematics,Poor,Consistent,At Risk,At-Risk Performer
female,group E,associate's degree,standard,completed,82,85,86,84.33333333333333,86,82,4,2.081665999466133,Writing,Mathematics,Excellent,Highly Consistent,Not At Risk,Balanced High Performer
male,group D,associate's degree,standard,none,52,55,49,52.0,55,49,6,3.0,Reading,Writing,Below Average,Highly Consistent,Not At Risk,Developing Performer
male,group D,some college,standard,completed,58,59,58,58.333333333333336,59,58,1,0.5773502691896258,Reading,Mathematics,Below Average,Highly Consistent,Not At Risk,Developing Performer
female,group C,some high school,free/reduced,none,0,17,10,9.0,17,0,17,8.54400374531753,Reading,Mathematics,Poor,Consistent,At Risk,At-Risk Performer
male,group E,bachelor's degree,free/reduced,completed,79,74,72,75.0,79,72,7,3.605551275463989,Mathematics,Writing,Good,Highly Consistent,Not At Risk,Balanced High Performer
male,group A,some high school,free/reduced,none,39,39,34,37.333333333333336,39,34,5,2.8867513459481287,Mathematics,Writing,Poor,Highly Consistent,At Risk,At-Risk Performer
male,group A,associate's degree,free/reduced,none,62,61,55,59.333333333333336,62,55,7,3.7859388972001824,Mathematics,Writing,Below Average,Highly Consistent,Not At Risk,Developing Performer
female,group C,associate's degree,standard,none,69,80,71,73.33333333333333,80,69,11,5.8594652770823155,Reading,Mathematics,Good,Consistent,Not At Risk,Developing Performer
female,group D,some high school,standard,none,59,58,59,58.666666666666664,59,58,1,0.5773502691896258,Mathematics,Reading,Below Average,Highly Consistent,Not At Risk,Developing Performer
male,group B,some high school,standard,none,67,64,61,64.0,67,61,6,3.0,Mathematics,Writing,Average,Highly Consistent,Not At Risk,Developing Performer
male,group D,some high school,free/reduced,none,45,37,37,39.666666666666664,45,37,8,4.618802153517007,Mathematics,Reading,Poor,Highly Consistent,At Risk,At-Risk Performer
female,group C,some college,standard,none,60,72,74,68.66666666666667,74,60,14,7.571877794400366,Writing,Mathematics,Average,Consistent,Not At Risk,Language-Oriented
male,group B,associate's degree,free/reduced,none,61,58,56,58.333333333333336,61,56,5,2.516611478423583,Mathematics,Writing,Below Average,Highly Consistent,Not At Risk,Developing Performer
female,group C,associate's degree,standard,none,39,64,57,53.333333333333336,64,39,25,12.897028081435401,Reading,Mathematics,Below Average,Moderately Consistent,Not At Risk,Language-Oriented
female,group D,some college,free/reduced,completed,58,63,73,64.66666666666667,73,58,15,7.637626158259733,Writing,Mathematics,Average,Consistent,Not At Risk,Developing Performer
male,group D,some college,standard,completed,63,55,63,60.333333333333336,63,55,8,4.618802153517007,Mathematics,Reading,Average,Highly Consistent,Not At Risk,Developing Performer
female,group A,associate's degree,free/reduced,none,41,51,48,46.666666666666664,51,41,10,5.131601439446884,Reading,Mathematics,Poor,Consistent,At Risk,At-Risk Performer
male,group C,some high school,free/reduced,none,61,57,56,58.0,61,56,5,2.6457513110645907,Mathematics,Writing,Below Average,Highly Consistent,Not At Risk,Developing Performer
male,group C,some high school,standard,none,49,49,41,46.333333333333336,49,41,8,4.618802153517007,Mathematics,Writing,Poor,Highly Consistent,At Risk,At-Risk Performer
male,group B,associate's degree,free/reduced,none,44,41,38,41.0,44,38,6,3.0,Mathematics,Writing,Poor,Highly Consistent,At Risk,At-Risk Performer
male,group E,some high school,standard,none,30,26,22,26.0,30,22,8,4.0,Mathematics,Writing,Poor,Highly Consistent,At Risk,At-Risk Performer
male,group A,bachelor's degree,standard,completed,80,78,81,79.66666666666667,81,78,3,1.5275252316519468,Writing,Reading,Good,Highly Consistent,Not At Risk,Balanced High Performer
female,group D,some high school,standard,completed,61,74,72,69.0,74,61,13,7.0,Reading,Mathematics,Average,Consistent,Not At Risk,Language-Oriented
female,group E,master's degree,standard,none,62,68,68,66.0,68,62,6,3.4641016151377544,Reading,Mathematics,Average,Highly Consistent,Not At Risk,Developing Performer
female,group B,associate's degree,standard,none,47,49,50,48.666666666666664,50,47,3,1.5275252316519465,Writing,Mathematics,Poor,Highly Consistent,At Risk,At-Risk Performer
male,group B,high school,free/reduced,none,49,45,45,46.333333333333336,49,45,4,2.309401076758503,Mathematics,Reading,Poor,Highly Consistent,At Risk,At-Risk Performer
male,group A,some college,free/reduced,completed,50,47,54,50.333333333333336,54,47,7,3.511884584284246,Writing,Reading,Below Average,Highly Consistent,Not At Risk,Developing Performer
male,group E,associate's degree,standard,none,72,64,63,66.33333333333333,72,63,9,4.932882862316247,Mathematics,Writing,Average,Highly Consistent,Not At Risk,Developing Performer
male,group D,high school,free/reduced,none,42,39,34,38.333333333333336,42,34,8,4.041451884327381,Mathematics,Writing,Poor,Highly Consistent,At Risk,At-Risk Performer
female,group C,some college,standard,none,73,80,82,78.33333333333333,82,73,9,4.725815626252608,Writing,Mathematics,Good,Highly Consistent,Not At Risk,Balanced High Performer
female,group C,some college,free/reduced,none,76,83,88,82.33333333333333,88,76,12,6.027713773341707,Writing,Mathematics,Excellent,Consistent,Not At Risk,Balanced High Performer
female,group D,associate's degree,standard,none,71,71,74,72.0,74,71,3,1.7320508075688772,Writing,Mathematics,Good,Highly Consistent,Not At Risk,Balanced High Performer
female,group A,some college,standard,none,58,70,67,65.0,70,58,12,6.244997998398398,Reading,Mathematics,Average,Consistent,Not At Risk,Developing Performer
female,group D,some high school,standard,none,73,86,82,80.33333333333333,86,73,13,6.658328118479393,Reading,Mathematics,Excellent,Consistent,Not At Risk,Balanced High Performer
female,group C,bachelor's degree,standard,none,65,72,74,70.33333333333333,74,65,9,4.725815626252608,Writing,Mathematics,Good,Highly Consistent,Not At Risk,Developing Performer
male,group C,high school,free/reduced,none,27,34,36,32.333333333333336,36,27,9,4.725815626252609,Writing,Mathematics,Poor,Highly Consistent,At Risk,At-Risk Performer
male,group C,high school,standard,none,71,79,71,73.66666666666667,79,71,8,4.618802153517006,Reading,Mathematics,Good,Highly Consistent,Not At Risk,Balanced High Performer
male,group C,associate's degree,free/reduced,completed,43,45,50,46.0,50,43,7,3.605551275463989,Writing,Mathematics,Poor,Highly Consistent,At Risk,At-Risk Performer
female,group B,some college,standard,none,79,86,92,85.66666666666667,92,79,13,6.506407098647712,Writing,Mathematics,Excellent,Consistent,Not At Risk,Balanced High Performer
male,group C,associate's degree,free/reduced,completed,78,81,82,80.33333333333333,82,78,4,2.081665999466133,Writing,Mathematics,Excellent,Highly Consistent,Not At Risk,Balanced High Performer
male,group B,some high school,standard,completed,65,66,62,64.33333333333333,66,62,4,2.081665999466133,Reading,Writing,Average,Highly Consistent,Not At Risk,Developing Performer
female,group E,some college,standard,completed,63,72,70,68.33333333333333,72,63,9,4.725815626252608,Reading,Mathematics,Average,Highly Consistent,Not At Risk,Developing Performer
female,group D,some college,free/reduced,none,58,67,62,62.333333333333336,67,58,9,4.509249752822894,Reading,Mathematics,Average,Highly Consistent,Not At Risk,Developing Performer
female,group D,bachelor's degree,standard,none,65,67,62,64.66666666666667,67,62,5,2.5166114784235836,Reading,Writing,Average,Highly Consistent,Not At Risk,Developing Performer
male,group B,some college,standard,none,79,67,67,71.0,79,67,12,6.928203230275509,Mathematics,Reading,Good,Consistent,Not At Risk,Math-Oriented
male,group D,bachelor's degree,standard,completed,68,74,74,72.0,74,68,6,3.4641016151377544,Reading,Mathematics,Good,Highly Consistent,Not At Risk,Developing Performer
female,group D,associate's degree,standard,none,85,91,89,88.33333333333333,91,85,6,3.055050463303893,Reading,Mathematics,Excellent,Highly Consistent,Not At Risk,Balanced High Performer
male,group B,high school,standard,completed,60,44,47,50.333333333333336,60,44,16,8.504900548115382,Mathematics,Reading,Below Average,Consistent,Not At Risk,Math-Oriented
male,group C,some college,standard,completed,98,86,90,91.33333333333333,98,86,12,6.110100926607787,Mathematics,Reading,Excellent,Consistent,Not At Risk,Balanced High Performer
female,group C,some college,standard,none,58,67,72,65.66666666666667,72,58,14,7.094598884597588,Writing,Mathematics,Average,Consistent,Not At Risk,Developing Performer
female,group D,master's degree,standard,none,87,100,100,95.66666666666667,100,87,13,7.505553499465136,Reading,Mathematics,Excellent,Consistent,Not At Risk,Balanced High Performer
male,group E,associate's degree,standard,completed,66,63,64,64.33333333333333,66,63,3,1.5275252316519468,Mathematics,Reading,Average,Highly Consistent,Not At Risk,Developing Performer
female,group B,associate's degree,free/reduced,none,52,76,70,66.0,76,52,24,12.489995996796797,Reading,Mathematics,Average,Moderately Consistent,Not At Risk,Language-Oriented
female,group B,some high school,standard,none,70,64,72,68.66666666666667,72,64,8,4.163331998932265,Writing,Reading,Average,Highly Consistent,Not At Risk,Developing Performer
female,group D,associate's degree,free/reduced,completed,77,89,98,88.0,98,77,21,10.535653752852738,Writing,Mathematics,Excellent,Moderately Consistent,Not At Risk,Balanced High Performer
male,group C,high school,standard,none,62,55,49,55.333333333333336,62,49,13,6.506407098647712,Mathematics,Writing,Below Average,Consistent,Not At Risk,Developing Performer
male,group A,associate's degree,standard,none,54,53,47,51.333333333333336,54,47,7,3.7859388972001824,Mathematics,Writing,Below Average,Highly Consistent,Not At Risk,Developing Performer
female,group D,some college,standard,none,51,58,54,54.333333333333336,58,51,7,3.5118845842842465,Reading,Mathematics,Below Average,Highly Consistent,Not At Risk,Developing Performer
female,group E,bachelor's degree,standard,completed,99,100,100,99.66666666666667,100,99,1,0.5773502691896257,Reading,Mathematics,Excellent,Highly Consistent,Not At Risk,Balanced High Performer
male,group C,high school,standard,none,84,77,74,78.33333333333333,84,74,10,5.131601439446884,Mathematics,Writing,Good,Consistent,Not At Risk,Balanced High Performer
female,group B,bachelor's degree,free/reduced,none,75,85,82,80.66666666666667,85,75,10,5.131601439446884,Reading,Mathematics,Excellent,Consistent,Not At Risk,Balanced High Performer
female,group D,bachelor's degree,standard,none,78,82,79,79.66666666666667,82,78,4,2.0816659994661326,Reading,Mathematics,Good,Highly Consistent,Not At Risk,Balanced High Performer
female,group D,some high school,standard,none,51,63,61,58.333333333333336,63,51,12,6.429100507328637,Reading,Mathematics,Below Average,Consistent,Not At Risk,Language-Oriented
female,group C,some college,standard,none,55,69,65,63.0,69,55,14,7.211102550927978,Reading,Mathematics,Average,Consistent,Not At Risk,Language-Oriented
female,group C,bachelor's degree,standard,completed,79,92,89,86.66666666666667,92,79,13,6.8068592855540455,Reading,Mathematics,Excellent,Consistent,Not At Risk,Balanced High Performer
male,group B,associate's degree,standard,completed,91,89,92,90.66666666666667,92,89,3,1.5275252316519468,Writing,Reading,Excellent,Highly Consistent,Not At Risk,Balanced High Performer
female,group C,some college,standard,completed,88,93,93,91.33333333333333,93,88,5,2.8867513459481287,Reading,Mathematics,Excellent,Highly Consistent,Not At Risk,Balanced High Performer
male,group D,high school,free/reduced,none,63,57,56,58.666666666666664,63,56,7,3.785938897200183,Mathematics,Writing,Below Average,Highly Consistent,Not At Risk,Developing Performer
male,group E,some college,standard,none,83,80,73,78.66666666666667,83,73,10,5.131601439446884,Mathematics,Writing,Good,Consistent,Not At Risk,Balanced High Performer
female,group B,high school,standard,none,87,95,86,89.33333333333333,95,86,9,4.932882862316247,Reading,Writing,Excellent,Highly Consistent,Not At Risk,Balanced High Performer
male,group B,some high school,standard,none,72,68,67,69.0,72,67,5,2.6457513110645907,Mathematics,Writing,Average,Highly Consistent,Not At Risk,Developing Performer
male,group D,some college,standard,completed,65,77,74,72.0,77,65,12,6.244997998398398,Reading,Mathematics,Good,Consistent,Not At Risk,Developing Performer
male,group D,master's degree,standard,none,82,82,74,79.33333333333333,82,74,8,4.618802153517006,Mathematics,Writing,Good,Highly Consistent,Not At Risk,Balanced High Performer
female,group A,bachelor's degree,standard,none,51,49,51,50.333333333333336,51,49,2,1.1547005383792517,Mathematics,Reading,Below Average,Highly Consistent,Not At Risk,Developing Performer
male,group D,master's degree,standard,none,89,84,82,85.0,89,82,7,3.605551275463989,Mathematics,Writing,Excellent,Highly Consistent,Not At Risk,Balanced High Performer
male,group C,some high school,free/reduced,completed,53,37,40,43.333333333333336,53,37,16,8.504900548115382,Mathematics,Reading,Poor,Consistent,At Risk,At-Risk Performer
male,group E,some college,free/reduced,completed,87,74,70,77.0,87,70,17,8.888194417315589,Mathematics,Writing,Good,Consistent,Not At Risk,Balanced High Performer
female,group C,some college,standard,completed,75,81,84,80.0,84,75,9,4.58257569495584,Writing,Mathematics,Excellent,Highly Consistent,Not At Risk,Balanced High Performer
male,group D,bachelor's degree,free/reduced,completed,74,79,75,76.0,79,74,5,2.6457513110645907,Reading,Mathematics,Good,Highly Consistent,Not At Risk,Balanced High Performer
male,group C,bachelor's degree,standard,none,58,55,48,53.666666666666664,58,48,10,5.131601439446884,Mathematics,Writing,Below Average,Consistent,Not At Risk,Developing Performer
male,group B,some high school,standard,completed,51,54,41,48.666666666666664,54,41,13,6.8068592855540455,Reading,Writing,Poor,Consistent,At Risk,At-Risk Performer
male,group E,high school,standard,none,70,55,56,60.333333333333336,70,55,15,8.386497083606084,Mathematics,Reading,Average,Consistent,Not At Risk,Math-Oriented
female,group C,associate's degree,standard,none,59,66,67,64.0,67,59,8,4.358898943540674,Writing,Mathematics,Average,Highly Consistent,Not At Risk,Developing Performer
male,group D,some college,standard,completed,71,61,69,67.0,71,61,10,5.291502622129181,Mathematics,Reading,Average,Consistent,Not At Risk,Developing Performer
female,group D,some high school,standard,none,76,72,71,73.0,76,71,5,2.6457513110645907,Mathematics,Writing,Good,Highly Consistent,Not At Risk,Balanced High Performer
female,group C,some college,free/reduced,none,59,62,64,61.666666666666664,64,59,5,2.516611478423583,Writing,Mathematics,Average,Highly Consistent,Not At Risk,Developing Performer
female,group E,some college,free/reduced,completed,42,55,54,50.333333333333336,55,42,13,7.234178138070235,Reading,Mathematics,Below Average,Consistent,Not At Risk,Language-Oriented
male,group A,high school,standard,none,57,43,47,49.0,57,43,14,7.211102550927978,Mathematics,Reading,Poor,Consistent,At Risk,At-Risk Performer
male,group D,some college,standard,none,88,73,78,79.66666666666667,88,73,15,7.637626158259734,Mathematics,Reading,Good,Consistent,Not At Risk,Balanced High Performer
female,group C,some college,free/reduced,none,22,39,33,31.333333333333332,39,22,17,8.621678104251709,Reading,Mathematics,Poor,Consistent,At Risk,At-Risk Performer
male,group B,some high school,standard,none,88,84,75,82.33333333333333,88,75,13,6.6583281184793925,Mathematics,Writing,Excellent,Consistent,Not At Risk,Balanced High Performer
male,group C,associate's degree,free/reduced,none,73,68,66,69.0,73,66,7,3.605551275463989,Mathematics,Writing,Average,Highly Consistent,Not At Risk,Developing Performer
female,group D,bachelor's degree,standard,completed,68,75,81,74.66666666666667,81,68,13,6.506407098647712,Writing,Mathematics,Good,Consistent,Not At Risk,Developing Performer
male,group E,associate's degree,free/reduced,completed,100,100,93,97.66666666666667,100,93,7,4.041451884327381,Mathematics,Writing,Excellent,Highly Consistent,Not At Risk,Balanced High Performer
male,group A,some high school,standard,completed,62,67,69,66.0,69,62,7,3.605551275463989,Writing,Mathematics,Average,Highly Consistent,Not At Risk,Developing Performer
male,group A,bachelor's degree,standard,none,77,67,68,70.66666666666667,77,67,10,5.507570547286102,Mathematics,Reading,Good,Consistent,Not At Risk,Developing Performer
female,group B,associate's degree,standard,completed,59,70,66,65.0,70,59,11,5.5677643628300215,Reading,Mathematics,Average,Consistent,Not At Risk,Developing Performer
male,group D,bachelor's degree,standard,none,54,49,47,50.0,54,47,7,3.605551275463989,Mathematics,Writing,Below Average,Highly Consistent,Not At Risk,Developing Performer
male,group D,some high school,standard,none,62,67,61,63.333333333333336,67,61,6,3.214550253664318,Reading,Writing,Average,Highly Consistent,Not At Risk,Developing Performer
female,group C,some college,standard,completed,70,89,88,82.33333333333333,89,70,19,10.692676621563628,Reading,Mathematics,Excellent,Moderately Consistent,Not At Risk,Balanced High Performer
female,group E,high school,free/reduced,completed,66,74,78,72.66666666666667,78,66,12,6.110100926607786,Writing,Mathematics,Good,Consistent,Not At Risk,Developing Performer
male,group B,some college,free/reduced,none,60,60,60,60.0,60,60,0,0.0,Mathematics,Mathematics,Average,Highly Consistent,Not At Risk,Developing Performer
female,group B,associate's degree,standard,completed,61,86,87,78.0,87,61,26,14.730919862656235,Writing,Mathematics,Good,Moderately Consistent,Not At Risk,Language-Oriented
male,group D,associate's degree,free/reduced,none,66,62,64,64.0,66,62,4,2.0,Mathematics,Reading,Average,Highly Consistent,Not At Risk,Developing Performer
male,group B,associate's degree,free/reduced,completed,82,78,74,78.0,82,74,8,4.0,Mathematics,Writing,Good,Highly Consistent,Not At Risk,Balanced High Performer
female,group E,some college,free/reduced,completed,75,88,85,82.66666666666667,88,75,13,6.8068592855540455,Reading,Mathematics,Excellent,Consistent,Not At Risk,Balanced High Performer
male,group B,master's degree,free/reduced,none,49,53,52,51.333333333333336,53,49,4,2.0816659994661326,Reading,Mathematics,Below Average,Highly Consistent,Not At Risk,Developing Performer
male,group C,high school,standard,none,52,53,49,51.333333333333336,53,49,4,2.0816659994661326,Reading,Writing,Below Average,Highly Consistent,Not At Risk,Developing Performer
female,group E,master's degree,standard,none,81,92,91,88.0,92,81,11,6.082762530298219,Reading,Mathematics,Excellent,Consistent,Not At Risk,Balanced High Performer
female,group C,bachelor's degree,standard,completed,96,100,100,98.66666666666667,100,96,4,2.3094010767585034,Reading,Mathematics,Excellent,Highly Consistent,Not At Risk,Balanced High Performer
male,group C,high school,free/reduced,completed,53,51,51,51.666666666666664,53,51,2,1.1547005383792517,Mathematics,Reading,Below Average,Highly Consistent,Not At Risk,Developing Performer
female,group B,master's degree,free/reduced,completed,58,76,78,70.66666666666667,78,58,20,11.015141094572204,Writing,Mathematics,Good,Moderately Consistent,Not At Risk,Language-Oriented
female,group B,high school,standard,completed,68,83,78,76.33333333333333,83,68,15,7.637626158259734,Reading,Mathematics,Good,Consistent,Not At Risk,Language-Oriented
female,group C,some college,free/reduced,completed,67,75,70,70.66666666666667,75,67,8,4.041451884327381,Reading,Mathematics,Good,Highly Consistent,Not At Risk,Developing Performer
male,group A,high school,standard,completed,72,73,74,73.0,74,72,2,1.0,Writing,Mathematics,Good,Highly Consistent,Not At Risk,Balanced High Performer
male,group E,some high school,standard,none,94,88,78,86.66666666666667,94,78,16,8.082903768654761,Mathematics,Writing,Excellent,Consistent,Not At Risk,Balanced High Performer
female,group D,some college,standard,none,79,86,81,82.0,86,79,7,3.605551275463989,Reading,Mathematics,Excellent,Highly Consistent,Not At Risk,Balanced High Performer
female,group C,associate's degree,standard,none,63,67,70,66.66666666666667,70,63,7,3.511884584284246,Writing,Mathematics,Average,Highly Consistent,Not At Risk,Developing Performer
female,group C,bachelor's degree,free/reduced,completed,43,51,54,49.333333333333336,54,43,11,5.686240703077327,Writing,Mathematics,Poor,Consistent,At Risk,At-Risk Performer
female,group C,master's degree,standard,completed,81,91,87,86.33333333333333,91,81,10,5.033222956847166,Reading,Mathematics,Excellent,Consistent,Not At Risk,Balanced High Performer
female,group B,high school,free/reduced,completed,46,54,58,52.666666666666664,58,46,12,6.110100926607787,Writing,Mathematics,Below Average,Consistent,Not At Risk,Developing Performer
female,group C,associate's degree,standard,completed,71,77,77,75.0,77,71,6,3.4641016151377544,Reading,Mathematics,Good,Highly Consistent,Not At Risk,Balanced High Performer
female,group B,master's degree,free/reduced,completed,52,70,62,61.333333333333336,70,52,18,9.018499505645789,Reading,Mathematics,Average,Consistent,Not At Risk,Language-Oriented
female,group D,some high school,standard,completed,97,100,100,99.0,100,97,3,1.7320508075688772,Reading,Mathematics,Excellent,Highly Consistent,Not At Risk,Balanced High Performer
male,group C,master's degree,free/reduced,completed,62,68,75,68.33333333333333,75,62,13,6.506407098647712,Writing,Mathematics,Average,Consistent,Not At Risk,Developing Performer
female,group C,some college,free/reduced,none,46,64,66,58.666666666666664,66,46,20,11.015141094572204,Writing,Mathematics,Below Average,Moderately Consistent,Not At Risk,Language-Oriented
female,group E,high school,standard,none,50,50,47,49.0,50,47,3,1.7320508075688772,Mathematics,Writing,Poor,Highly Consistent,At Risk,At-Risk Performer
female,group D,associate's degree,standard,none,65,69,70,68.0,70,65,5,2.6457513110645907,Writing,Mathematics,Average,Highly Consistent,Not At Risk,Developing Performer
male,group C,some high school,free/reduced,completed,45,52,49,48.666666666666664,52,45,7,3.5118845842842465,Reading,Mathematics,Poor,Highly Consistent,At Risk,At-Risk Performer
male,group C,associate's degree,free/reduced,completed,65,67,65,65.66666666666667,67,65,2,1.1547005383792517,Reading,Mathematics,Average,Highly Consistent,Not At Risk,Developing Performer
male,group E,high school,standard,none,80,76,65,73.66666666666667,80,65,15,7.767453465154029,Mathematics,Writing,Good,Consistent,Not At Risk,Developing Performer
male,group D,some high school,standard,completed,62,66,68,65.33333333333333,68,62,6,3.055050463303893,Writing,Mathematics,Average,Highly Consistent,Not At Risk,Developing Performer
male,group B,some high school,free/reduced,none,48,52,45,48.333333333333336,52,45,7,3.511884584284246,Reading,Writing,Poor,Highly Consistent,At Risk,At-Risk Performer
female,group C,bachelor's degree,standard,none,77,88,87,84.0,88,77,11,6.082762530298219,Reading,Mathematics,Excellent,Consistent,Not At Risk,Balanced High Performer
female,group E,associate's degree,standard,none,66,65,69,66.66666666666667,69,65,4,2.081665999466133,Writing,Reading,Average,Highly Consistent,Not At Risk,Developing Performer
male,group D,some college,standard,completed,76,83,79,79.33333333333333,83,76,7,3.511884584284246,Reading,Mathematics,Good,Highly Consistent,Not At Risk,Balanced High Performer
female,group B,some high school,standard,none,62,64,66,64.0,66,62,4,2.0,Writing,Mathematics,Average,Highly Consistent,Not At Risk,Developing Performer
male,group D,some college,standard,completed,77,62,62,67.0,77,62,15,8.660254037844387,Mathematics,Reading,Average,Consistent,Not At Risk,Math-Oriented
female,group C,master's degree,standard,completed,69,84,85,79.33333333333333,85,69,16,8.962886439832502,Writing,Mathematics,Good,Consistent,Not At Risk,Language-Oriented
male,group D,associate's degree,standard,none,61,55,52,56.0,61,52,9,4.58257569495584,Mathematics,Writing,Below Average,Highly Consistent,Not At Risk,Developing Performer
male,group C,some high school,free/reduced,completed,59,69,65,64.33333333333333,69,59,10,5.033222956847166,Reading,Mathematics,Average,Consistent,Not At Risk,Developing Performer
male,group E,high school,free/reduced,none,55,56,51,54.0,56,51,5,2.6457513110645907,Reading,Writing,Below Average,Highly Consistent,Not At Risk,Developing Performer
female,group B,some college,free/reduced,none,45,53,55,51.0,55,45,10,5.291502622129181,Writing,Mathematics,Below Average,Consistent,Not At Risk,Developing Performer
female,group B,bachelor's degree,free/reduced,none,78,79,76,77.66666666666667,79,76,3,1.5275252316519468,Reading,Writing,Good,Highly Consistent,Not At Risk,Balanced High Performer
female,group C,associate's degree,standard,completed,67,84,86,79.0,86,67,19,10.44030650891055,Writing,Mathematics,Good,Moderately Consistent,Not At Risk,Language-Oriented
female,group D,some college,free/reduced,none,65,81,77,74.33333333333333,81,65,16,8.326663997864532,Reading,Mathematics,Good,Consistent,Not At Risk,Language-Oriented
male,group C,associate's degree,standard,none,69,77,69,71.66666666666667,77,69,8,4.618802153517006,Reading,Mathematics,Good,Highly Consistent,Not At Risk,Developing Performer
female,group B,associate's degree,standard,none,57,69,68,64.66666666666667,69,57,12,6.6583281184793925,Reading,Mathematics,Average,Consistent,Not At Risk,Language-Oriented
male,group C,some college,standard,none,59,41,42,47.333333333333336,59,41,18,10.115993936995679,Mathematics,Reading,Poor,Moderately Consistent,At Risk,At-Risk Performer
male,group D,some high school,standard,completed,74,71,78,74.33333333333333,78,71,7,3.511884584284246,Writing,Reading,Good,Highly Consistent,Not At Risk,Balanced High Performer
male,group E,bachelor's degree,standard,none,82,62,62,68.66666666666667,82,62,20,11.547005383792516,Mathematics,Reading,Average,Moderately Consistent,Not At Risk,Math-Oriented
male,group E,high school,standard,completed,81,80,76,79.0,81,76,5,2.6457513110645907,Mathematics,Writing,Good,Highly Consistent,Not At Risk,Balanced High Performer
female,group B,some college,free/reduced,none,74,81,76,77.0,81,74,7,3.605551275463989,Reading,Mathematics,Good,Highly Consistent,Not At Risk,Balanced High Performer
female,group B,some college,free/reduced,none,58,61,66,61.666666666666664,66,58,8,4.041451884327381,Writing,Mathematics,Average,Highly Consistent,Not At Risk,Developing Performer
male,group D,some high school,free/reduced,completed,80,79,79,79.33333333333333,80,79,1,0.5773502691896257,Mathematics,Reading,Good,Highly Consistent,Not At Risk,Balanced High Performer
male,group C,some college,free/reduced,none,35,28,27,30.0,35,27,8,4.358898943540674,Mathematics,Writing,Poor,Highly Consistent,At Risk,At-Risk Performer
female,group C,high school,free/reduced,none,42,62,60,54.666666666666664,62,42,20,11.015141094572202,Reading,Mathematics,Below Average,Moderately Consistent,Not At Risk,Language-Oriented
male,group C,associate's degree,free/reduced,completed,60,51,56,55.666666666666664,60,51,9,4.509249752822894,Mathematics,Reading,Below Average,Highly Consistent,Not At Risk,Developing Performer
male,group E,high school,standard,completed,87,91,81,86.33333333333333,91,81,10,5.033222956847166,Reading,Writing,Excellent,Consistent,Not At Risk,Balanced High Performer
male,group B,some high school,standard,completed,84,83,75,80.66666666666667,84,75,9,4.932882862316247,Mathematics,Writing,Excellent,Highly Consistent,Not At Risk,Balanced High Performer
female,group E,associate's degree,free/reduced,completed,83,86,88,85.66666666666667,88,83,5,2.5166114784235836,Writing,Mathematics,Excellent,Highly Consistent,Not At Risk,Balanced High Performer
female,group C,high school,free/reduced,none,34,42,39,38.333333333333336,42,34,8,4.041451884327381,Reading,Mathematics,Poor,Highly Consistent,At Risk,At-Risk Performer
male,group B,high school,free/reduced,none,66,77,70,71.0,77,66,11,5.5677643628300215,Reading,Mathematics,Good,Consistent,Not At Risk,Developing Performer
male,group B,some high school,standard,completed,61,56,56,57.666666666666664,61,56,5,2.8867513459481287,Mathematics,Reading,Below Average,Highly Consistent,Not At Risk,Developing Performer
female,group D,high school,standard,completed,56,68,74,66.0,74,56,18,9.16515138991168,Writing,Mathematics,Average,Consistent,Not At Risk,Language-Oriented
male,group B,associate's degree,standard,none,87,85,73,81.66666666666667,87,73,14,7.571877794400365,Mathematics,Writing,Excellent,Consistent,Not At Risk,Balanced High Performer
female,group C,some high school,free/reduced,none,55,65,62,60.666666666666664,65,55,10,5.131601439446884,Reading,Mathematics,Average,Consistent,Not At Risk,Developing Performer
male,group D,some high school,standard,none,86,80,75,80.33333333333333,86,75,11,5.507570547286102,Mathematics,Writing,Excellent,Consistent,Not At Risk,Balanced High Performer
female,group B,associate's degree,standard,completed,52,66,73,63.666666666666664,73,52,21,10.692676621563628,Writing,Mathematics,Average,Moderately Consistent,Not At Risk,Language-Oriented
female,group E,master's degree,free/reduced,none,45,56,54,51.666666666666664,56,45,11,5.8594652770823155,Reading,Mathematics,Below Average,Consistent,Not At Risk,Developing Performer
female,group C,some college,standard,none,72,72,71,71.66666666666667,72,71,1,0.5773502691896257,Mathematics,Writing,Good,Highly Consistent,Not At Risk,Balanced High Performer
male,group D,high school,standard,none,57,50,54,53.666666666666664,57,50,7,3.5118845842842465,Mathematics,Reading,Below Average,Highly Consistent,Not At Risk,Developing Performer
male,group A,some high school,free/reduced,none,68,72,64,68.0,72,64,8,4.0,Reading,Writing,Average,Highly Consistent,Not At Risk,Developing Performer
female,group C,some college,standard,completed,88,95,94,92.33333333333333,95,88,7,3.7859388972001824,Reading,Mathematics,Excellent,Highly Consistent,Not At Risk,Balanced High Performer
male,group D,some college,standard,none,76,64,66,68.66666666666667,76,64,12,6.429100507328637,Mathematics,Reading,Average,Consistent,Not At Risk,Math-Oriented
male,group C,associate's degree,standard,none,46,43,42,43.666666666666664,46,42,4,2.0816659994661326,Mathematics,Writing,Poor,Highly Consistent,At Risk,At-Risk Performer
female,group B,bachelor's degree,standard,none,67,86,83,78.66666666666667,86,67,19,10.214368964029708,Reading,Mathematics,Good,Moderately Consistent,Not At Risk,Language-Oriented
male,group E,some high school,standard,none,92,87,78,85.66666666666667,92,78,14,7.094598884597588,Mathematics,Writing,Excellent,Consistent,Not At Risk,Balanced High Performer
male,group C,bachelor's degree,standard,completed,83,82,84,83.0,84,82,2,1.0,Writing,Reading,Excellent,Highly Consistent,Not At Risk,Balanced High Performer
male,group D,associate's degree,standard,none,80,75,77,77.33333333333333,80,75,5,2.516611478423583,Mathematics,Reading,Good,Highly Consistent,Not At Risk,Balanced High Performer
male,group D,bachelor's degree,free/reduced,none,63,66,67,65.33333333333333,67,63,4,2.081665999466133,Writing,Mathematics,Average,Highly Consistent,Not At Risk,Developing Performer
female,group D,some high school,standard,completed,64,60,74,66.0,74,60,14,7.211102550927978,Writing,Reading,Average,Consistent,Not At Risk,Developing Performer
male,group B,some college,standard,none,54,52,51,52.333333333333336,54,51,3,1.5275252316519465,Mathematics,Writing,Below Average,Highly Consistent,Not At Risk,Developing Performer
male,group C,associate's degree,standard,none,84,80,80,81.33333333333333,84,80,4,2.3094010767585034,Mathematics,Reading,Excellent,Highly Consistent,Not At Risk,Balanced High Performer
male,group D,high school,free/reduced,completed,73,68,66,69.0,73,66,7,3.605551275463989,Mathematics,Writing,Average,Highly Consistent,Not At Risk,Developing Performer
female,group E,bachelor's degree,standard,none,80,83,83,82.0,83,80,3,1.7320508075688772,Reading,Mathematics,Excellent,Highly Consistent,Not At Risk,Balanced High Performer
female,group D,high school,standard,none,56,52,55,54.333333333333336,56,52,4,2.0816659994661326,Mathematics,Reading,Below Average,Highly Consistent,Not At Risk,Developing Performer
male,group E,some college,standard,none,59,51,43,51.0,59,43,16,8.0,Mathematics,Writing,Below Average,Consistent,Not At Risk,Developing Performer
male,group D,some high school,standard,none,75,74,69,72.66666666666667,75,69,6,3.214550253664318,Mathematics,Writing,Good,Highly Consistent,Not At Risk,Developing Performer
male,group C,associate's degree,standard,none,85,76,71,77.33333333333333,85,71,14,7.094598884597588,Mathematics,Writing,Good,Consistent,Not At Risk,Balanced High Performer
male,group E,associate's degree,standard,none,89,76,74,79.66666666666667,89,74,15,8.144527815247079,Mathematics,Writing,Good,Consistent,Not At Risk,Balanced High Performer
female,group B,high school,standard,completed,58,70,68,65.33333333333333,70,58,12,6.429100507328637,Reading,Mathematics,Average,Consistent,Not At Risk,Language-Oriented
female,group B,high school,standard,none,65,64,62,63.666666666666664,65,62,3,1.5275252316519465,Mathematics,Writing,Average,Highly Consistent,Not At Risk,Developing Performer
male,group C,high school,standard,none,68,60,53,60.333333333333336,68,53,15,7.505553499465135,Mathematics,Writing,Average,Consistent,Not At Risk,Developing Performer
male,group A,some high school,standard,completed,47,49,49,48.333333333333336,49,47,2,1.1547005383792517,Reading,Mathematics,Poor,Highly Consistent,At Risk,At-Risk Performer
female,group D,some college,free/reduced,none,71,83,83,79.0,83,71,12,6.928203230275509,Reading,Mathematics,Good,Consistent,Not At Risk,Balanced High Performer
female,group B,some high school,standard,completed,60,70,70,66.66666666666667,70,60,10,5.773502691896257,Reading,Mathematics,Average,Consistent,Not At Risk,Language-Oriented
male,group D,master's degree,standard,none,80,80,72,77.33333333333333,80,72,8,4.618802153517006,Mathematics,Writing,Good,Highly Consistent,Not At Risk,Balanced High Performer
male,group D,high school,standard,none,54,52,52,52.666666666666664,54,52,2,1.1547005383792517,Mathematics,Reading,Below Average,Highly Consistent,Not At Risk,Developing Performer
female,group E,some college,standard,none,62,73,70,68.33333333333333,73,62,11,5.686240703077327,Reading,Mathematics,Average,Consistent,Not At Risk,Developing Performer
female,group C,associate's degree,free/reduced,none,64,73,68,68.33333333333333,73,64,9,4.509249752822894,Reading,Mathematics,Average,Highly Consistent,Not At Risk,Developing Performer
male,group C,associate's degree,standard,completed,78,77,77,77.33333333333333,78,77,1,0.5773502691896257,Mathematics,Reading,Good,Highly Consistent,Not At Risk,Balanced High Performer
female,group B,some college,standard,none,70,75,78,74.33333333333333,78,70,8,4.041451884327381,Writing,Mathematics,Good,Highly Consistent,Not At Risk,Balanced High Performer
female,group C,master's degree,free/reduced,completed,65,81,81,75.66666666666667,81,65,16,9.237604307034013,Reading,Mathematics,Good,Consistent,Not At Risk,Language-Oriented
female,group C,some high school,free/reduced,completed,64,79,77,73.33333333333333,79,64,15,8.144527815247079,Reading,Mathematics,Good,Consistent,Not At Risk,Language-Oriented
male,group C,some college,standard,completed,79,79,78,78.66666666666667,79,78,1,0.5773502691896257,Mathematics,Writing,Good,Highly Consistent,Not At Risk,Balanced High Performer
female,group C,some high school,free/reduced,none,44,50,51,48.333333333333336,51,44,7,3.785938897200183,Writing,Mathematics,Poor,Highly Consistent,At Risk,At-Risk Performer
female,group E,high school,standard,none,99,93,90,94.0,99,90,9,4.58257569495584,Mathematics,Writing,Excellent,Highly Consistent,Not At Risk,Balanced High Performer
male,group D,high school,standard,none,76,73,68,72.33333333333333,76,68,8,4.041451884327381,Mathematics,Writing,Good,Highly Consistent,Not At Risk,Developing Performer
male,group D,some high school,free/reduced,none,59,42,41,47.333333333333336,59,41,18,10.115993936995679,Mathematics,Writing,Poor,Moderately Consistent,At Risk,At-Risk Performer
female,group C,bachelor's degree,standard,none,63,75,81,73.0,81,63,18,9.16515138991168,Writing,Mathematics,Good,Consistent,Not At Risk,Language-Oriented
female,group D,high school,standard,none,69,72,77,72.66666666666667,77,69,8,4.041451884327381,Writing,Mathematics,Good,Highly Consistent,Not At Risk,Developing Performer
female,group D,associate's degree,standard,completed,88,92,95,91.66666666666667,95,88,7,3.511884584284246,Writing,Mathematics,Excellent,Highly Consistent,Not At Risk,Balanced High Performer
female,group E,some college,free/reduced,none,71,76,70,72.33333333333333,76,70,6,3.214550253664318,Reading,Writing,Good,Highly Consistent,Not At Risk,Balanced High Performer
male,group C,bachelor's degree,standard,none,69,63,61,64.33333333333333,69,61,8,4.163331998932265,Mathematics,Writing,Average,Highly Consistent,Not At Risk,Developing Performer
male,group C,some college,standard,none,58,49,42,49.666666666666664,58,42,16,8.020806277010644,Mathematics,Writing,Poor,Consistent,At Risk,At-Risk Performer
female,group D,associate's degree,free/reduced,none,47,53,58,52.666666666666664,58,47,11,5.507570547286102,Writing,Mathematics,Below Average,Consistent,Not At Risk,Developing Performer
female,group D,some college,standard,none,65,70,71,68.66666666666667,71,65,6,3.214550253664318,Writing,Mathematics,Average,Highly Consistent,Not At Risk,Developing Performer
male,group B,some college,standard,completed,88,85,76,83.0,88,76,12,6.244997998398398,Mathematics,Writing,Excellent,Consistent,Not At Risk,Balanced High Performer
male,group C,bachelor's degree,standard,none,83,78,73,78.0,83,73,10,5.0,Mathematics,Writing,Good,Highly Consistent,Not At Risk,Balanced High Performer
female,group C,some high school,standard,completed,85,92,93,90.0,93,85,8,4.358898943540674,Writing,Mathematics,Excellent,Highly Consistent,Not At Risk,Balanced High Performer
female,group E,high school,standard,completed,59,63,75,65.66666666666667,75,59,16,8.326663997864532,Writing,Mathematics,Average,Consistent,Not At Risk,Developing Performer
female,group C,some high school,free/reduced,none,65,86,80,77.0,86,65,21,10.816653826391969,Reading,Mathematics,Good,Moderately Consistent,Not At Risk,Language-Oriented
male,group B,bachelor's degree,free/reduced,none,73,56,57,62.0,73,56,17,9.539392014169456,Mathematics,Reading,Average,Consistent,Not At Risk,Math-Oriented
male,group D,high school,standard,none,53,52,42,49.0,53,42,11,6.082762530298219,Mathematics,Writing,Poor,Consistent,At Risk,At-Risk Performer
male,group D,high school,standard,none,45,48,46,46.333333333333336,48,45,3,1.5275252316519465,Reading,Mathematics,Poor,Highly Consistent,At Risk,At-Risk Performer
female,group D,bachelor's degree,free/reduced,none,73,79,84,78.66666666666667,84,73,11,5.507570547286102,Writing,Mathematics,Good,Consistent,Not At Risk,Balanced High Performer
female,group D,some college,free/reduced,completed,70,78,78,75.33333333333333,78,70,8,4.618802153517006,Reading,Mathematics,Good,Highly Consistent,Not At Risk,Balanced High Performer
female,group B,some high school,standard,none,37,46,46,43.0,46,37,9,5.196152422706632,Reading,Mathematics,Poor,Consistent,At Risk,At-Risk Performer
male,group B,associate's degree,standard,completed,81,82,82,81.66666666666667,82,81,1,0.5773502691896257,Reading,Mathematics,Excellent,Highly Consistent,Not At Risk,Balanced High Performer
male,group E,associate's degree,standard,completed,97,82,88,89.0,97,82,15,7.54983443527075,Mathematics,Reading,Excellent,Consistent,Not At Risk,Balanced High Performer
female,group B,some high school,standard,none,67,89,82,79.33333333333333,89,67,22,11.239810200058244,Reading,Mathematics,Good,Moderately Consistent,Not At Risk,Language-Oriented
male,group B,bachelor's degree,free/reduced,none,88,75,76,79.66666666666667,88,75,13,7.234178138070236,Mathematics,Reading,Good,Consistent,Not At Risk,Balanced High Performer
male,group E,some high school,standard,completed,77,76,77,76.66666666666667,77,76,1,0.5773502691896257,Mathematics,Reading,Good,Highly Consistent,Not At Risk,Balanced High Performer
male,group C,associate's degree,standard,none,76,70,68,71.33333333333333,76,68,8,4.163331998932265,Mathematics,Writing,Good,Highly Consistent,Not At Risk,Developing Performer
male,group D,some high school,standard,none,86,73,70,76.33333333333333,86,70,16,8.504900548115383,Mathematics,Writing,Good,Consistent,Not At Risk,Balanced High Performer
male,group C,some high school,standard,completed,63,60,57,60.0,63,57,6,3.0,Mathematics,Writing,Average,Highly Consistent,Not At Risk,Developing Performer
female,group E,bachelor's degree,standard,none,65,73,75,71.0,75,65,10,5.291502622129181,Writing,Mathematics,Good,Consistent,Not At Risk,Developing Performer
male,group D,high school,free/reduced,completed,78,77,80,78.33333333333333,80,77,3,1.5275252316519468,Writing,Reading,Good,Highly Consistent,Not At Risk,Balanced High Performer
male,group B,associate's degree,free/reduced,none,67,62,60,63.0,67,60,7,3.605551275463989,Mathematics,Writing,Average,Highly Consistent,Not At Risk,Developing Performer
male,group A,some high school,standard,completed,46,41,43,43.333333333333336,46,41,5,2.516611478423583,Mathematics,Reading,Poor,Highly Consistent,At Risk,At-Risk Performer
male,group E,associate's degree,standard,completed,71,74,68,71.0,74,68,6,3.0,Reading,Writing,Good,Highly Consistent,Not At Risk,Developing Performer
male,group C,high school,free/reduced,completed,40,46,50,45.333333333333336,50,40,10,5.033222956847167,Writing,Mathematics,Poor,Consistent,At Risk,At-Risk Performer
male,group D,associate's degree,free/reduced,none,90,87,75,84.0,90,75,15,7.937253933193772,Mathematics,Writing,Excellent,Consistent,Not At Risk,Balanced High Performer
male,group A,some college,free/reduced,completed,81,78,81,80.0,81,78,3,1.7320508075688772,Mathematics,Reading,Excellent,Highly Consistent,Not At Risk,Balanced High Performer
male,group D,some high school,free/reduced,none,56,54,52,54.0,56,52,4,2.0,Mathematics,Writing,Below Average,Highly Consistent,Not At Risk,Developing Performer
female,group C,associate's degree,standard,completed,67,84,81,77.33333333333333,84,67,17,9.073771725877467,Reading,Mathematics,Good,Consistent,Not At Risk,Language-Oriented
male,group B,associate's degree,standard,none,80,76,64,73.33333333333333,80,64,16,8.326663997864532,Mathematics,Writing,Good,Consistent,Not At Risk,Developing Performer
female,group C,associate's degree,standard,completed,74,75,83,77.33333333333333,83,74,9,4.932882862316247,Writing,Mathematics,Good,Highly Consistent,Not At Risk,Balanced High Performer
male,group A,some college,standard,none,69,67,69,68.33333333333333,69,67,2,1.1547005383792517,Mathematics,Reading,Average,Highly Consistent,Not At Risk,Developing Performer
male,group E,some college,standard,completed,99,87,81,89.0,99,81,18,9.16515138991168,Mathematics,Writing,Excellent,Consistent,Not At Risk,Balanced High Performer
male,group C,some high school,standard,none,51,52,44,49.0,52,44,8,4.358898943540674,Reading,Writing,Poor,Highly Consistent,At Risk,At-Risk Performer
female,group B,associate's degree,free/reduced,none,53,71,67,63.666666666666664,71,53,18,9.451631252505216,Reading,Mathematics,Average,Consistent,Not At Risk,Language-Oriented
female,group D,high school,free/reduced,none,49,57,52,52.666666666666664,57,49,8,4.041451884327381,Reading,Mathematics,Below Average,Highly Consistent,Not At Risk,Developing Performer
female,group B,associate's degree,standard,none,73,76,80,76.33333333333333,80,73,7,3.511884584284246,Writing,Mathematics,Good,Highly Consistent,Not At Risk,Balanced High Performer
male,group B,bachelor's degree,standard,none,66,60,57,61.0,66,57,9,4.58257569495584,Mathematics,Writing,Average,Highly Consistent,Not At Risk,Developing Performer
male,group D,bachelor's degree,standard,completed,67,61,68,65.33333333333333,68,61,7,3.7859388972001824,Writing,Reading,Average,Highly Consistent,Not At Risk,Developing Performer
female,group C,associate's degree,free/reduced,completed,68,67,69,68.0,69,67,2,1.0,Writing,Reading,Average,Highly Consistent,Not At Risk,Developing Performer
female,group C,bachelor's degree,standard,completed,59,64,75,66.0,75,59,16,8.18535277187245,Writing,Mathematics,Average,Consistent,Not At Risk,Developing Performer
male,group C,high school,standard,none,71,66,65,67.33333333333333,71,65,6,3.214550253664318,Mathematics,Writing,Average,Highly Consistent,Not At Risk,Developing Performer
female,group D,master's degree,standard,completed,77,82,91,83.33333333333333,91,77,14,7.094598884597588,Writing,Mathematics,Excellent,Consistent,Not At Risk,Balanced High Performer
male,group C,associate's degree,standard,none,83,72,78,77.66666666666667,83,72,11,5.507570547286102,Mathematics,Reading,Good,Consistent,Not At Risk,Balanced High Performer
male,group B,bachelor's degree,standard,none,63,71,69,67.66666666666667,71,63,8,4.163331998932265,Reading,Mathematics,Average,Highly Consistent,Not At Risk,Developing Performer
female,group D,associate's degree,free/reduced,none,56,65,63,61.333333333333336,65,56,9,4.725815626252609,Reading,Mathematics,Average,Highly Consistent,Not At Risk,Developing Performer
female,group C,high school,free/reduced,completed,67,79,84,76.66666666666667,84,67,17,8.736894948054106,Writing,Mathematics,Good,Consistent,Not At Risk,Language-Oriented
female,group E,high school,standard,none,75,86,79,80.0,86,75,11,5.5677643628300215,Reading,Mathematics,Excellent,Consistent,Not At Risk,Balanced High Performer
female,group C,some college,standard,none,71,81,80,77.33333333333333,81,71,10,5.507570547286102,Reading,Mathematics,Good,Consistent,Not At Risk,Balanced High Performer
female,group C,some high school,free/reduced,none,43,53,53,49.666666666666664,53,43,10,5.773502691896258,Reading,Mathematics,Poor,Consistent,At Risk,At-Risk Performer
female,group C,high school,free/reduced,none,41,46,43,43.333333333333336,46,41,5,2.516611478423583,Reading,Mathematics,Poor,Highly Consistent,At Risk,At-Risk Performer
female,group C,some college,standard,none,82,90,94,88.66666666666667,94,82,12,6.110100926607786,Writing,Mathematics,Excellent,Consistent,Not At Risk,Balanced High Performer
male,group C,some college,standard,none,61,61,62,61.333333333333336,62,61,1,0.5773502691896258,Writing,Mathematics,Average,Highly Consistent,Not At Risk,Developing Performer
male,group A,some college,free/reduced,none,28,23,19,23.333333333333332,28,19,9,4.509249752822894,Mathematics,Writing,Poor,Highly Consistent,At Risk,At-Risk Performer
male,group C,associate's degree,standard,completed,82,75,77,78.0,82,75,7,3.605551275463989,Mathematics,Reading,Good,Highly Consistent,Not At Risk,Balanced High Performer
female,group B,some high school,standard,none,41,55,51,49.0,55,41,14,7.211102550927978,Reading,Mathematics,Poor,Consistent,At Risk,At-Risk Performer
male,group C,high school,standard,none,71,60,61,64.0,71,60,11,6.082762530298219,Mathematics,Reading,Average,Consistent,Not At Risk,Math-Oriented
male,group C,associate's degree,standard,none,47,37,35,39.666666666666664,47,35,12,6.429100507328637,Mathematics,Writing,Poor,Consistent,At Risk,At-Risk Performer
male,group E,associate's degree,standard,completed,62,56,53,57.0,62,53,9,4.58257569495584,Mathematics,Writing,Below Average,Highly Consistent,Not At Risk,Developing Performer
male,group B,associate's degree,standard,none,90,78,81,83.0,90,78,12,6.244997998398398,Mathematics,Reading,Excellent,Consistent,Not At Risk,Balanced High Performer
female,group C,bachelor's degree,standard,none,83,93,95,90.33333333333333,95,83,12,6.429100507328636,Writing,Mathematics,Excellent,Consistent,Not At Risk,Balanced High Performer
female,group B,some college,free/reduced,none,61,68,66,65.0,68,61,7,3.605551275463989,Reading,Mathematics,Average,Highly Consistent,Not At Risk,Developing Performer
male,group D,some high school,standard,completed,76,70,69,71.66666666666667,76,69,7,3.7859388972001824,Mathematics,Writing,Good,Highly Consistent,Not At Risk,Developing Performer
male,group C,associate's degree,standard,none,49,51,43,47.666666666666664,51,43,8,4.163331998932266,Reading,Writing,Poor,Highly Consistent,At Risk,At-Risk Performer
female,group B,some high school,free/reduced,none,24,38,27,29.666666666666668,38,24,14,7.371114795831994,Reading,Mathematics,Poor,Consistent,At Risk,At-Risk Performer
female,group D,some high school,free/reduced,completed,35,55,60,50.0,60,35,25,13.228756555322953,Writing,Mathematics,Below Average,Moderately Consistent,Not At Risk,Language-Oriented
male,group C,high school,free/reduced,none,58,61,52,57.0,61,52,9,4.58257569495584,Reading,Writing,Below Average,Highly Consistent,Not At Risk,Developing Performer
female,group C,high school,standard,none,61,73,63,65.66666666666667,73,61,12,6.429100507328637,Reading,Mathematics,Average,Consistent,Not At Risk,Developing Performer
female,group B,high school,standard,completed,69,76,74,73.0,76,69,7,3.605551275463989,Reading,Mathematics,Good,Highly Consistent,Not At Risk,Developing Performer
male,group D,associate's degree,standard,completed,67,72,67,68.66666666666667,72,67,5,2.8867513459481287,Reading,Mathematics,Average,Highly Consistent,Not At Risk,Developing Performer
male,group D,some college,standard,none,79,73,67,73.0,79,67,12,6.0,Mathematics,Writing,Good,Consistent,Not At Risk,Developing Performer
female,group C,high school,standard,none,72,80,75,75.66666666666667,80,72,8,4.041451884327381,Reading,Mathematics,Good,Highly Consistent,Not At Risk,Balanced High Performer
male,group B,some college,standard,none,62,61,57,60.0,62,57,5,2.6457513110645907,Mathematics,Writing,Average,Highly Consistent,Not At Risk,Developing Performer
female,group C,bachelor's degree,standard,completed,77,94,95,88.66666666666667,95,77,18,10.115993936995679,Writing,Mathematics,Excellent,Moderately Consistent,Not At Risk,Balanced High Performer
male,group D,high school,free/reduced,none,75,74,66,71.66666666666667,75,66,9,4.932882862316247,Mathematics,Writing,Good,Highly Consistent,Not At Risk,Developing Performer
male,group E,associate's degree,standard,none,87,74,76,79.0,87,74,13,7.0,Mathematics,Reading,Good,Consistent,Not At Risk,Balanced High Performer
female,group B,bachelor's degree,standard,none,52,65,69,62.0,69,52,17,8.888194417315589,Writing,Mathematics,Average,Consistent,Not At Risk,Language-Oriented
male,group E,some college,standard,none,66,57,52,58.333333333333336,66,52,14,7.094598884597588,Mathematics,Writing,Below Average,Consistent,Not At Risk,Developing Performer
female,group C,some college,standard,completed,63,78,80,73.66666666666667,80,63,17,9.29157324317757,Writing,Mathematics,Good,Consistent,Not At Risk,Language-Oriented
female,group C,associate's degree,standard,none,46,58,57,53.666666666666664,58,46,12,6.658328118479393,Reading,Mathematics,Below Average,Consistent,Not At Risk,Language-Oriented
female,group C,some college,standard,none,59,71,70,66.66666666666667,71,59,12,6.6583281184793925,Reading,Mathematics,Average,Consistent,Not At Risk,Language-Oriented
female,group B,bachelor's degree,standard,none,61,72,70,67.66666666666667,72,61,11,5.8594652770823155,Reading,Mathematics,Average,Consistent,Not At Risk,Developing Performer
male,group A,associate's degree,standard,none,63,61,61,61.666666666666664,63,61,2,1.1547005383792517,Mathematics,Reading,Average,Highly Consistent,Not At Risk,Developing Performer
female,group C,some college,free/reduced,completed,42,66,69,59.0,69,42,27,14.798648586948742,Writing,Mathematics,Below Average,Moderately Consistent,Not At Risk,Language-Oriented
male,group D,some college,free/reduced,none,59,62,61,60.666666666666664,62,59,3,1.5275252316519465,Reading,Mathematics,Average,Highly Consistent,Not At Risk,Developing Performer
female,group D,some college,standard,none,80,90,89,86.33333333333333,90,80,10,5.507570547286102,Reading,Mathematics,Excellent,Consistent,Not At Risk,Balanced High Performer
female,group B,high school,standard,none,58,62,59,59.666666666666664,62,58,4,2.0816659994661326,Reading,Mathematics,Below Average,Highly Consistent,Not At Risk,Developing Performer
male,group B,some high school,standard,completed,85,84,78,82.33333333333333,85,78,7,3.7859388972001824,Mathematics,Writing,Excellent,Highly Consistent,Not At Risk,Balanced High Performer
female,group C,some college,standard,none,52,58,58,56.0,58,52,6,3.4641016151377544,Reading,Mathematics,Below Average,Highly Consistent,Not At Risk,Developing Performer
female,group D,some high school,free/reduced,none,27,34,32,31.0,34,27,7,3.605551275463989,Reading,Mathematics,Poor,Highly Consistent,At Risk,At-Risk Performer
male,group C,some college,standard,none,59,60,58,59.0,60,58,2,1.0,Reading,Writing,Below Average,Highly Consistent,Not At Risk,Developing Performer
male,group A,bachelor's degree,free/reduced,completed,49,58,60,55.666666666666664,60,49,11,5.8594652770823155,Writing,Mathematics,Below Average,Consistent,Not At Risk,Developing Performer
male,group C,high school,standard,completed,69,58,53,60.0,69,53,16,8.18535277187245,Mathematics,Writing,Average,Consistent,Not At Risk,Math-Oriented
male,group C,bachelor's degree,free/reduced,none,61,66,61,62.666666666666664,66,61,5,2.8867513459481287,Reading,Mathematics,Average,Highly Consistent,Not At Risk,Developing Performer
female,group A,some high school,free/reduced,none,44,64,58,55.333333333333336,64,44,20,10.263202878893768,Reading,Mathematics,Below Average,Moderately Consistent,Not At Risk,Language-Oriented
female,group D,some high school,standard,none,73,84,85,80.66666666666667,85,73,12,6.6583281184793925,Writing,Mathematics,Excellent,Consistent,Not At Risk,Balanced High Performer
male,group E,some college,standard,none,84,77,71,77.33333333333333,84,71,13,6.506407098647712,Mathematics,Writing,Good,Consistent,Not At Risk,Balanced High Performer
female,group C,some college,free/reduced,completed,45,73,70,62.666666666666664,73,45,28,15.37313674346694,Reading,Mathematics,Average,Inconsistent,Not At Risk,Language-Oriented
male,group D,some high school,standard,none,74,74,72,73.33333333333333,74,72,2,1.1547005383792517,Mathematics,Writing,Good,Highly Consistent,Not At Risk,Balanced High Performer
female,group D,some college,standard,completed,82,97,96,91.66666666666667,97,82,15,8.386497083606084,Reading,Mathematics,Excellent,Consistent,Not At Risk,Balanced High Performer
female,group D,bachelor's degree,standard,none,59,70,73,67.33333333333333,73,59,14,7.3711147958319945,Writing,Mathematics,Average,Consistent,Not At Risk,Language-Oriented
male,group E,associate's degree,free/reduced,none,46,43,41,43.333333333333336,46,41,5,2.516611478423583,Mathematics,Writing,Poor,Highly Consistent,At Risk,At-Risk Performer
female,group D,some high school,standard,none,80,90,82,84.0,90,80,10,5.291502622129181,Reading,Mathematics,Excellent,Consistent,Not At Risk,Balanced High Performer
female,group D,master's degree,free/reduced,completed,85,95,100,93.33333333333333,100,85,15,7.637626158259734,Writing,Mathematics,Excellent,Consistent,Not At Risk,Balanced High Performer
female,group A,some high school,standard,none,71,83,77,77.0,83,71,12,6.0,Reading,Mathematics,Good,Consistent,Not At Risk,Balanced High Performer
male,group A,bachelor's degree,standard,none,66,64,62,64.0,66,62,4,2.0,Mathematics,Writing,Average,Highly Consistent,Not At Risk,Developing Performer
female,group B,associate's degree,standard,none,80,86,83,83.0,86,80,6,3.0,Reading,Mathematics,Excellent,Highly Consistent,Not At Risk,Balanced High Performer
male,group C,associate's degree,standard,completed,87,100,95,94.0,100,87,13,6.557438524302,Reading,Mathematics,Excellent,Consistent,Not At Risk,Balanced High Performer
male,group C,master's degree,free/reduced,none,79,81,71,77.0,81,71,10,5.291502622129181,Reading,Writing,Good,Consistent,Not At Risk,Balanced High Performer
female,group E,some high school,free/reduced,none,38,49,45,44.0,49,38,11,5.5677643628300215,Reading,Mathematics,Poor,Consistent,At Risk,At-Risk Performer
female,group A,some high school,free/reduced,none,38,43,43,41.333333333333336,43,38,5,2.8867513459481287,Reading,Mathematics,Poor,Highly Consistent,At Risk,At-Risk Performer
female,group E,some college,standard,none,67,76,75,72.66666666666667,76,67,9,4.932882862316247,Reading,Mathematics,Good,Highly Consistent,Not At Risk,Developing Performer
female,group E,bachelor's degree,standard,none,64,73,70,69.0,73,64,9,4.58257569495584,Reading,Mathematics,Average,Highly Consistent,Not At Risk,Developing Performer
female,group C,associate's degree,free/reduced,none,57,78,67,67.33333333333333,78,57,21,10.503967504392488,Reading,Mathematics,Average,Moderately Consistent,Not At Risk,Language-Oriented
female,group D,high school,standard,none,62,64,64,63.333333333333336,64,62,2,1.1547005383792517,Reading,Mathematics,Average,Highly Consistent,Not At Risk,Developing Performer
male,group D,master's degree,standard,none,73,70,75,72.66666666666667,75,70,5,2.5166114784235836,Writing,Reading,Good,Highly Consistent,Not At Risk,Balanced High Performer
male,group E,some high school,free/reduced,completed,73,67,59,66.33333333333333,73,59,14,7.023769168568492,Mathematics,Writing,Average,Consistent,Not At Risk,Developing Performer
female,group D,some college,standard,none,77,68,77,74.0,77,68,9,5.196152422706632,Mathematics,Reading,Good,Consistent,Not At Risk,Developing Performer
male,group E,some college,standard,none,76,67,67,70.0,76,67,9,5.196152422706632,Mathematics,Reading,Good,Consistent,Not At Risk,Developing Performer
male,group C,associate's degree,standard,completed,57,54,56,55.666666666666664,57,54,3,1.5275252316519465,Mathematics,Reading,Below Average,Highly Consistent,Not At Risk,Developing Performer
female,group C,some high school,standard,completed,65,74,77,72.0,77,65,12,6.244997998398398,Writing,Mathematics,Good,Consistent,Not At Risk,Developing Performer
male,group A,high school,free/reduced,none,48,45,41,44.666666666666664,48,41,7,3.511884584284246,Mathematics,Writing,Poor,Highly Consistent,At Risk,At-Risk Performer
female,group B,high school,free/reduced,none,50,67,63,60.0,67,50,17,8.888194417315589,Reading,Mathematics,Average,Consistent,Not At Risk,Language-Oriented
female,group C,associate's degree,standard,none,85,89,95,89.66666666666667,95,85,10,5.033222956847166,Writing,Mathematics,Excellent,Consistent,Not At Risk,Balanced High Performer
male,group B,some high school,standard,none,74,63,57,64.66666666666667,74,57,17,8.621678104251709,Mathematics,Writing,Average,Consistent,Not At Risk,Math-Oriented
male,group D,some high school,standard,none,60,59,54,57.666666666666664,60,54,6,3.214550253664318,Mathematics,Writing,Below Average,Highly Consistent,Not At Risk,Developing Performer
female,group C,some high school,standard,completed,59,54,67,60.0,67,54,13,6.557438524302,Writing,Reading,Average,Consistent,Not At Risk,Developing Performer
male,group A,some college,standard,none,53,43,43,46.333333333333336,53,43,10,5.773502691896258,Mathematics,Reading,Poor,Consistent,At Risk,At-Risk Performer
female,group A,some college,free/reduced,none,49,65,55,56.333333333333336,65,49,16,8.082903768654761,Reading,Mathematics,Below Average,Consistent,Not At Risk,Developing Performer
female,group D,high school,standard,completed,88,99,100,95.66666666666667,100,88,12,6.6583281184793925,Writing,Mathematics,Excellent,Consistent,Not At Risk,Balanced High Performer
female,group C,high school,standard,none,54,59,62,58.333333333333336,62,54,8,4.041451884327381,Writing,Mathematics,Below Average,Highly Consistent,Not At Risk,Developing Performer
female,group C,some high school,standard,none,63,73,68,68.0,73,63,10,5.0,Reading,Mathematics,Average,Highly Consistent,Not At Risk,Developing Performer
male,group B,associate's degree,standard,completed,65,65,63,64.33333333333333,65,63,2,1.1547005383792517,Mathematics,Writing,Average,Highly Consistent,Not At Risk,Developing Performer
female,group B,associate's degree,standard,none,82,80,77,79.66666666666667,82,77,5,2.5166114784235836,Mathematics,Writing,Good,Highly Consistent,Not At Risk,Balanced High Performer
female,group D,high school,free/reduced,completed,52,57,56,55.0,57,52,5,2.6457513110645907,Reading,Mathematics,Below Average,Highly Consistent,Not At Risk,Developing Performer
male,group D,associate's degree,standard,completed,87,84,85,85.33333333333333,87,84,3,1.5275252316519468,Mathematics,Reading,Excellent,Highly Consistent,Not At Risk,Balanced High Performer
female,group D,master's degree,standard,completed,70,71,74,71.66666666666667,74,70,4,2.081665999466133,Writing,Mathematics,Good,Highly Consistent,Not At Risk,Balanced High Performer
male,group E,some college,standard,completed,84,83,78,81.66666666666667,84,78,6,3.214550253664318,Mathematics,Writing,Excellent,Highly Consistent,Not At Risk,Balanced High Performer
male,group D,associate's degree,standard,none,71,66,60,65.66666666666667,71,60,11,5.507570547286102,Mathematics,Writing,Average,Consistent,Not At Risk,Developing Performer
male,group B,some high school,standard,completed,63,67,67,65.66666666666667,67,63,4,2.3094010767585034,Reading,Mathematics,Average,Highly Consistent,Not At Risk,Developing Performer
female,group C,bachelor's degree,free/reduced,completed,51,72,79,67.33333333333333,79,51,28,14.571661996262929,Writing,Mathematics,Average,Moderately Consistent,Not At Risk,Language-Oriented
male,group E,high school,standard,none,84,73,69,75.33333333333333,84,69,15,7.76745346515403,Mathematics,Writing,Good,Consistent,Not At Risk,Math-Oriented
male,group C,bachelor's degree,standard,completed,71,74,68,71.0,74,68,6,3.0,Reading,Writing,Good,Highly Consistent,Not At Risk,Developing Performer
male,group C,associate's degree,standard,none,74,73,67,71.33333333333333,74,67,7,3.7859388972001824,Mathematics,Writing,Good,Highly Consistent,Not At Risk,Developing Performer
male,group D,some college,standard,none,68,59,62,63.0,68,59,9,4.58257569495584,Mathematics,Reading,Average,Highly Consistent,Not At Risk,Developing Performer
male,group E,high school,free/reduced,completed,57,56,54,55.666666666666664,57,54,3,1.5275252316519465,Mathematics,Writing,Below Average,Highly Consistent,Not At Risk,Developing Performer
female,group C,associate's degree,free/reduced,completed,82,93,93,89.33333333333333,93,82,11,6.350852961085883,Reading,Mathematics,Excellent,Consistent,Not At Risk,Balanced High Performer
female,group D,high school,standard,completed,57,58,64,59.666666666666664,64,57,7,3.7859388972001824,Writing,Mathematics,Below Average,Highly Consistent,Not At Risk,Developing Performer
female,group D,master's degree,free/reduced,completed,47,58,67,57.333333333333336,67,47,20,10.016652800877813,Writing,Mathematics,Below Average,Moderately Consistent,Not At Risk,Language-Oriented
female,group A,some high school,standard,completed,59,85,80,74.66666666666667,85,59,26,13.796134724383252,Reading,Mathematics,Good,Moderately Consistent,Not At Risk,Language-Oriented
male,group B,some college,free/reduced,none,41,39,34,38.0,41,34,7,3.605551275463989,Mathematics,Writing,Poor,Highly Consistent,At Risk,At-Risk Performer
female,group C,some college,free/reduced,none,62,67,62,63.666666666666664,67,62,5,2.8867513459481287,Reading,Mathematics,Average,Highly Consistent,Not At Risk,Developing Performer
male,group C,bachelor's degree,standard,none,86,83,86,85.0,86,83,3,1.7320508075688772,Mathematics,Reading,Excellent,Highly Consistent,Not At Risk,Balanced High Performer
male,group C,some high school,free/reduced,none,69,71,65,68.33333333333333,71,65,6,3.055050463303893,Reading,Writing,Average,Highly Consistent,Not At Risk,Developing Performer
male,group A,some high school,free/reduced,none,65,59,53,59.0,65,53,12,6.0,Mathematics,Writing,Below Average,Consistent,Not At Risk,Developing Performer
male,group C,some high school,free/reduced,none,68,63,54,61.666666666666664,68,54,14,7.094598884597588,Mathematics,Writing,Average,Consistent,Not At Risk,Developing Performer
male,group C,associate's degree,free/reduced,none,64,66,59,63.0,66,59,7,3.605551275463989,Reading,Writing,Average,Highly Consistent,Not At Risk,Developing Performer
female,group C,high school,standard,none,61,72,70,67.66666666666667,72,61,11,5.8594652770823155,Reading,Mathematics,Average,Consistent,Not At Risk,Developing Performer
male,group C,high school,standard,none,61,56,55,57.333333333333336,61,55,6,3.214550253664318,Mathematics,Writing,Below Average,Highly Consistent,Not At Risk,Developing Performer
female,group A,some high school,free/reduced,none,47,59,50,52.0,59,47,12,6.244997998398398,Reading,Mathematics,Below Average,Consistent,Not At Risk,Developing Performer
male,group C,some high school,standard,none,73,66,66,68.33333333333333,73,66,7,4.041451884327381,Mathematics,Reading,Average,Highly Consistent,Not At Risk,Developing Performer
male,group C,some college,free/reduced,completed,50,48,53,50.333333333333336,53,48,5,2.516611478423583,Writing,Reading,Below Average,Highly Consistent,Not At Risk,Developing Performer
male,group D,associate's degree,standard,none,75,68,64,69.0,75,64,11,5.5677643628300215,Mathematics,Writing,Average,Consistent,Not At Risk,Developing Performer
male,group D,associate's degree,free/reduced,none,75,66,73,71.33333333333333,75,66,9,4.725815626252608,Mathematics,Reading,Good,Highly Consistent,Not At Risk,Developing Performer
male,group C,high school,standard,none,70,56,51,59.0,70,51,19,9.848857801796104,Mathematics,Writing,Below Average,Consistent,Not At Risk,Math-Oriented
male,group D,some high school,standard,completed,89,88,82,86.33333333333333,89,82,7,3.7859388972001824,Mathematics,Writing,Excellent,Highly Consistent,Not At Risk,Balanced High Performer
female,group C,some college,standard,completed,67,81,79,75.66666666666667,81,67,14,7.571877794400366,Reading,Mathematics,Good,Consistent,Not At Risk,Language-Oriented
female,group D,high school,standard,none,78,81,80,79.66666666666667,81,78,3,1.5275252316519468,Reading,Mathematics,Good,Highly Consistent,Not At Risk,Balanced High Performer
female,group A,some high school,free/reduced,none,59,73,69,67.0,73,59,14,7.211102550927978,Reading,Mathematics,Average,Consistent,Not At Risk,Language-Oriented
female,group B,associate's degree,standard,none,73,83,76,77.33333333333333,83,73,10,5.131601439446884,Reading,Mathematics,Good,Consistent,Not At Risk,Balanced High Performer
male,group A,some high school,free/reduced,none,79,82,73,78.0,82,73,9,4.58257569495584,Reading,Writing,Good,Highly Consistent,Not At Risk,Balanced High Performer
female,group C,some high school,standard,completed,67,74,77,72.66666666666667,77,67,10,5.131601439446884,Writing,Mathematics,Good,Consistent,Not At Risk,Developing Performer
male,group D,some college,free/reduced,none,69,66,60,65.0,69,60,9,4.58257569495584,Mathematics,Writing,Average,Highly Consistent,Not At Risk,Developing Performer
male,group C,high school,standard,completed,86,81,80,82.33333333333333,86,80,6,3.214550253664318,Mathematics,Writing,Excellent,Highly Consistent,Not At Risk,Balanced High Performer
male,group B,high school,standard,none,47,46,42,45.0,47,42,5,2.6457513110645907,Mathematics,Writing,Poor,Highly Consistent,At Risk,At-Risk Performer
male,group B,associate's degree,standard,none,81,73,72,75.33333333333333,81,72,9,4.932882862316247,Mathematics,Writing,Good,Highly Consistent,Not At Risk,Balanced High Performer
female,group C,some college,free/reduced,completed,64,85,85,78.0,85,64,21,12.12435565298214,Reading,Mathematics,Good,Moderately Consistent,Not At Risk,Language-Oriented
female,group E,some college,standard,none,100,92,97,96.33333333333333,100,92,8,4.041451884327381,Mathematics,Reading,Excellent,Highly Consistent,Not At Risk,Balanced High Performer
female,group C,associate's degree,free/reduced,none,65,77,74,72.0,77,65,12,6.244997998398398,Reading,Mathematics,Good,Consistent,Not At Risk,Developing Performer
male,group C,some college,free/reduced,none,65,58,49,57.333333333333336,65,49,16,8.020806277010644,Mathematics,Writing,Below Average,Consistent,Not At Risk,Developing Performer
female,group C,associate's degree,free/reduced,none,53,61,62,58.666666666666664,62,53,9,4.932882862316248,Writing,Mathematics,Below Average,Highly Consistent,Not At Risk,Developing Performer
male,group C,bachelor's degree,free/reduced,none,37,56,47,46.666666666666664,56,37,19,9.504384952922168,Reading,Mathematics,Poor,Consistent,At Risk,At-Risk Performer
female,group D,bachelor's degree,standard,none,79,89,89,85.66666666666667,89,79,10,5.773502691896257,Reading,Mathematics,Excellent,Consistent,Not At Risk,Balanced High Performer
male,group D,associate's degree,free/reduced,none,53,54,48,51.666666666666664,54,48,6,3.214550253664318,Reading,Writing,Below Average,Highly Consistent,Not At Risk,Developing Performer
female,group E,bachelor's degree,standard,none,100,100,100,100.0,100,100,0,0.0,Mathematics,Mathematics,Excellent,Highly Consistent,Not At Risk,Balanced High Performer
male,group B,high school,standard,completed,72,65,68,68.33333333333333,72,65,7,3.511884584284246,Mathematics,Reading,Average,Highly Consistent,Not At Risk,Developing Performer
male,group C,bachelor's degree,free/reduced,none,53,58,55,55.333333333333336,58,53,5,2.516611478423583,Reading,Mathematics,Below Average,Highly Consistent,Not At Risk,Developing Performer
male,group B,some college,free/reduced,none,54,54,45,51.0,54,45,9,5.196152422706632,Mathematics,Writing,Below Average,Consistent,Not At Risk,Developing Performer
female,group E,some college,standard,none,71,70,76,72.33333333333333,76,70,6,3.214550253664318,Writing,Reading,Good,Highly Consistent,Not At Risk,Balanced High Performer
female,group C,some college,free/reduced,none,77,90,91,86.0,91,77,14,7.810249675906654,Writing,Mathematics,Excellent,Consistent,Not At Risk,Balanced High Performer
male,group A,bachelor's degree,standard,completed,75,58,62,65.0,75,58,17,8.888194417315589,Mathematics,Reading,Average,Consistent,Not At Risk,Math-Oriented
female,group C,some college,standard,none,84,87,91,87.33333333333333,91,84,7,3.511884584284246,Writing,Mathematics,Excellent,Highly Consistent,Not At Risk,Balanced High Performer
female,group D,associate's degree,free/reduced,none,26,31,38,31.666666666666668,38,26,12,6.027713773341707,Writing,Mathematics,Poor,Consistent,At Risk,At-Risk Performer
male,group A,high school,free/reduced,completed,72,67,65,68.0,72,65,7,3.605551275463989,Mathematics,Writing,Average,Highly Consistent,Not At Risk,Developing Performer
female,group A,high school,free/reduced,completed,77,88,85,83.33333333333333,88,77,11,5.686240703077327,Reading,Mathematics,Excellent,Consistent,Not At Risk,Balanced High Performer
male,group C,some college,standard,none,91,74,76,80.33333333333333,91,74,17,9.29157324317757,Mathematics,Reading,Excellent,Consistent,Not At Risk,Balanced High Performer
female,group C,associate's degree,standard,completed,83,85,90,86.0,90,83,7,3.605551275463989,Writing,Mathematics,Excellent,Highly Consistent,Not At Risk,Balanced High Performer
female,group C,high school,standard,none,63,69,74,68.66666666666667,74,63,11,5.507570547286102,Writing,Mathematics,Average,Consistent,Not At Risk,Developing Performer
female,group C,associate's degree,standard,completed,68,86,84,79.33333333333333,86,68,18,9.865765724632496,Reading,Mathematics,Good,Consistent,Not At Risk,Language-Oriented
female,group D,some high school,standard,none,59,67,61,62.333333333333336,67,59,8,4.163331998932266,Reading,Mathematics,Average,Highly Consistent,Not At Risk,Developing Performer
female,group B,associate's degree,standard,completed,90,90,91,90.33333333333333,91,90,1,0.5773502691896257,Writing,Mathematics,Excellent,Highly Consistent,Not At Risk,Balanced High Performer
female,group D,bachelor's degree,standard,completed,71,76,83,76.66666666666667,83,71,12,6.027713773341707,Writing,Mathematics,Good,Consistent,Not At Risk,Balanced High Performer
male,group E,bachelor's degree,standard,completed,76,62,66,68.0,76,62,14,7.211102550927978,Mathematics,Reading,Average,Consistent,Not At Risk,Math-Oriented
male,group D,associate's degree,standard,none,80,68,72,73.33333333333333,80,68,12,6.110100926607787,Mathematics,Reading,Good,Consistent,Not At Risk,Developing Performer
female,group D,master's degree,standard,none,55,64,70,63.0,70,55,15,7.54983443527075,Writing,Mathematics,Average,Consistent,Not At Risk,Developing Performer
male,group E,associate's degree,standard,none,76,71,67,71.33333333333333,76,67,9,4.509249752822894,Mathematics,Writing,Good,Highly Consistent,Not At Risk,Developing Performer
male,group B,high school,standard,completed,73,71,68,70.66666666666667,73,68,5,2.5166114784235836,Mathematics,Writing,Good,Highly Consistent,Not At Risk,Developing Performer
female,group D,associate's degree,free/reduced,none,52,59,56,55.666666666666664,59,52,7,3.5118845842842465,Reading,Mathematics,Below Average,Highly Consistent,Not At Risk,Developing Performer
male,group C,some college,free/reduced,none,68,68,61,65.66666666666667,68,61,7,4.041451884327381,Mathematics,Writing,Average,Highly Consistent,Not At Risk,Developing Performer
male,group A,high school,standard,none,59,52,46,52.333333333333336,59,46,13,6.506407098647712,Mathematics,Writing,Below Average,Consistent,Not At Risk,Developing Performer
female,group B,associate's degree,standard,none,49,52,54,51.666666666666664,54,49,5,2.516611478423583,Writing,Mathematics,Below Average,Highly Consistent,Not At Risk,Developing Performer
male,group C,high school,standard,none,70,74,71,71.66666666666667,74,70,4,2.0816659994661326,Reading,Mathematics,Good,Highly Consistent,Not At Risk,Balanced High Performer
male,group D,some college,free/reduced,none,61,47,56,54.666666666666664,61,47,14,7.094598884597588,Mathematics,Reading,Below Average,Consistent,Not At Risk,Developing Performer
female,group C,associate's degree,free/reduced,none,60,75,74,69.66666666666667,75,60,15,8.386497083606084,Reading,Mathematics,Average,Consistent,Not At Risk,Language-Oriented
male,group B,some high school,standard,completed,64,53,57,58.0,64,53,11,5.5677643628300215,Mathematics,Reading,Below Average,Consistent,Not At Risk,Developing Performer
male,group A,associate's degree,free/reduced,completed,79,82,82,81.0,82,79,3,1.7320508075688772,Reading,Mathematics,Excellent,Highly Consistent,Not At Risk,Balanced High Performer
female,group A,associate's degree,free/reduced,none,65,85,76,75.33333333333333,85,65,20,10.016652800877813,Reading,Mathematics,Good,Moderately Consistent,Not At Risk,Language-Oriented
female,group C,associate's degree,standard,none,64,64,70,66.0,70,64,6,3.4641016151377544,Writing,Mathematics,Average,Highly Consistent,Not At Risk,Developing Performer
female,group C,some college,standard,none,83,83,90,85.33333333333333,90,83,7,4.041451884327381,Writing,Mathematics,Excellent,Highly Consistent,Not At Risk,Balanced High Performer
female,group C,bachelor's degree,standard,none,81,88,90,86.33333333333333,90,81,9,4.725815626252608,Writing,Mathematics,Excellent,Highly Consistent,Not At Risk,Balanced High Performer
female,group B,high school,standard,none,54,64,68,62.0,68,54,14,7.211102550927978,Writing,Mathematics,Average,Consistent,Not At Risk,Language-Oriented
male,group D,high school,standard,completed,68,64,66,66.0,68,64,4,2.0,Mathematics,Reading,Average,Highly Consistent,Not At Risk,Developing Performer
female,group C,some college,standard,none,54,48,52,51.333333333333336,54,48,6,3.0550504633038935,Mathematics,Reading,Below Average,Highly Consistent,Not At Risk,Developing Performer
female,group D,some college,free/reduced,completed,59,78,76,71.0,78,59,19,10.44030650891055,Reading,Mathematics,Good,Moderately Consistent,Not At Risk,Language-Oriented
female,group B,some high school,standard,none,66,69,68,67.66666666666667,69,66,3,1.5275252316519468,Reading,Mathematics,Average,Highly Consistent,Not At Risk,Developing Performer
male,group E,some college,standard,none,76,71,72,73.0,76,71,5,2.6457513110645907,Mathematics,Reading,Good,Highly Consistent,Not At Risk,Balanced High Performer
female,group D,master's degree,standard,none,74,79,82,78.33333333333333,82,74,8,4.041451884327381,Writing,Mathematics,Good,Highly Consistent,Not At Risk,Balanced High Performer
female,group B,associate's degree,standard,completed,94,87,92,91.0,94,87,7,3.605551275463989,Mathematics,Reading,Excellent,Highly Consistent,Not At Risk,Balanced High Performer
male,group C,some college,free/reduced,none,63,61,54,59.333333333333336,63,54,9,4.725815626252609,Mathematics,Writing,Below Average,Highly Consistent,Not At Risk,Developing Performer
female,group E,associate's degree,standard,completed,95,89,92,92.0,95,89,6,3.0,Mathematics,Reading,Excellent,Highly Consistent,Not At Risk,Balanced High Performer
female,group D,master's degree,free/reduced,none,40,59,54,51.0,59,40,19,9.848857801796104,Reading,Mathematics,Below Average,Consistent,Not At Risk,Language-Oriented
female,group B,some high school,standard,none,82,82,80,81.33333333333333,82,80,2,1.1547005383792517,Mathematics,Writing,Excellent,Highly Consistent,Not At Risk,Balanced High Performer
male,group A,high school,standard,none,68,70,66,68.0,70,66,4,2.0,Reading,Writing,Average,Highly Consistent,Not At Risk,Developing Performer
male,group B,bachelor's degree,free/reduced,none,55,59,54,56.0,59,54,5,2.6457513110645907,Reading,Writing,Below Average,Highly Consistent,Not At Risk,Developing Performer
male,group C,master's degree,standard,none,79,78,77,78.0,79,77,2,1.0,Mathematics,Writing,Good,Highly Consistent,Not At Risk,Balanced High Performer
female,group C,bachelor's degree,standard,none,86,92,87,88.33333333333333,92,86,6,3.214550253664318,Reading,Mathematics,Excellent,Highly Consistent,Not At Risk,Balanced High Performer
male,group D,some college,standard,none,76,71,73,73.33333333333333,76,71,5,2.516611478423583,Mathematics,Reading,Good,Highly Consistent,Not At Risk,Balanced High Performer
male,group A,some high school,standard,none,64,50,43,52.333333333333336,64,43,21,10.692676621563628,Mathematics,Writing,Below Average,Moderately Consistent,Not At Risk,Math-Oriented
male,group D,some high school,free/reduced,none,62,49,52,54.333333333333336,62,49,13,6.8068592855540455,Mathematics,Reading,Below Average,Consistent,Not At Risk,Math-Oriented
female,group B,some high school,standard,completed,54,61,62,59.0,62,54,8,4.358898943540674,Writing,Mathematics,Below Average,Highly Consistent,Not At Risk,Developing Performer
female,group B,master's degree,free/reduced,completed,77,97,94,89.33333333333333,97,77,20,10.785793124908958,Reading,Mathematics,Excellent,Moderately Consistent,Not At Risk,Balanced High Performer
female,group C,some high school,standard,completed,76,87,85,82.66666666666667,87,76,11,5.8594652770823155,Reading,Mathematics,Excellent,Consistent,Not At Risk,Balanced High Performer
female,group D,some college,standard,none,74,89,84,82.33333333333333,89,74,15,7.637626158259734,Reading,Mathematics,Excellent,Consistent,Not At Risk,Balanced High Performer
female,group E,some college,standard,completed,66,74,73,71.0,74,66,8,4.358898943540674,Reading,Mathematics,Good,Highly Consistent,Not At Risk,Developing Performer
female,group D,some high school,standard,completed,66,78,78,74.0,78,66,12,6.928203230275509,Reading,Mathematics,Good,Consistent,Not At Risk,Language-Oriented
female,group B,high school,free/reduced,completed,67,78,79,74.66666666666667,79,67,12,6.6583281184793925,Writing,Mathematics,Good,Consistent,Not At Risk,Language-Oriented
male,group D,some college,standard,none,71,49,52,57.333333333333336,71,49,22,11.930353445448853,Mathematics,Reading,Below Average,Moderately Consistent,Not At Risk,Math-Oriented
female,group C,associate's degree,standard,none,91,86,84,87.0,91,84,7,3.605551275463989,Mathematics,Writing,Excellent,Highly Consistent,Not At Risk,Balanced High Performer
male,group D,bachelor's degree,standard,none,69,58,57,61.333333333333336,69,57,12,6.658328118479393,Mathematics,Writing,Average,Consistent,Not At Risk,Math-Oriented
male,group C,master's degree,free/reduced,none,54,59,50,54.333333333333336,59,50,9,4.509249752822894,Reading,Writing,Below Average,Highly Consistent,Not At Risk,Developing Performer
male,group C,high school,standard,completed,53,52,49,51.333333333333336,53,49,4,2.0816659994661326,Mathematics,Writing,Below Average,Highly Consistent,Not At Risk,Developing Performer
male,group E,some college,standard,none,68,60,59,62.333333333333336,68,59,9,4.932882862316248,Mathematics,Writing,Average,Highly Consistent,Not At Risk,Developing Performer
male,group C,some high school,free/reduced,completed,56,61,60,59.0,61,56,5,2.6457513110645907,Reading,Mathematics,Below Average,Highly Consistent,Not At Risk,Developing Performer
female,group C,high school,free/reduced,none,36,53,43,44.0,53,36,17,8.54400374531753,Reading,Mathematics,Poor,Consistent,At Risk,At-Risk Performer
female,group D,bachelor's degree,free/reduced,none,29,41,47,39.0,47,29,18,9.16515138991168,Writing,Mathematics,Poor,Consistent,At Risk,At-Risk Performer
female,group C,associate's degree,standard,none,62,74,70,68.66666666666667,74,62,12,6.110100926607787,Reading,Mathematics,Average,Consistent,Not At Risk,Developing Performer
female,group C,associate's degree,standard,completed,68,67,73,69.33333333333333,73,67,6,3.214550253664318,Writing,Reading,Average,Highly Consistent,Not At Risk,Developing Performer
female,group C,some high school,standard,none,47,54,53,51.333333333333336,54,47,7,3.785938897200183,Reading,Mathematics,Below Average,Highly Consistent,Not At Risk,Developing Performer
male,group E,associate's degree,standard,completed,62,61,58,60.333333333333336,62,58,4,2.0816659994661326,Mathematics,Writing,Average,Highly Consistent,Not At Risk,Developing Performer
female,group E,associate's degree,standard,completed,79,88,94,87.0,94,79,15,7.54983443527075,Writing,Mathematics,Excellent,Consistent,Not At Risk,Balanced High Performer
male,group B,high school,standard,completed,73,69,68,70.0,73,68,5,2.6457513110645907,Mathematics,Writing,Good,Highly Consistent,Not At Risk,Developing Performer
female,group C,bachelor's degree,free/reduced,completed,66,83,83,77.33333333333333,83,66,17,9.814954576223638,Reading,Mathematics,Good,Consistent,Not At Risk,Language-Oriented
male,group C,associate's degree,standard,completed,51,60,58,56.333333333333336,60,51,9,4.725815626252609,Reading,Mathematics,Below Average,Highly Consistent,Not At Risk,Developing Performer
female,group D,high school,standard,none,51,66,62,59.666666666666664,66,51,15,7.767453465154029,Reading,Mathematics,Below Average,Consistent,Not At Risk,Language-Oriented
male,group E,bachelor's degree,standard,completed,85,66,71,74.0,85,66,19,9.848857801796104,Mathematics,Reading,Good,Consistent,Not At Risk,Math-Oriented
male,group A,associate's degree,standard,completed,97,92,86,91.66666666666667,97,86,11,5.507570547286102,Mathematics,Writing,Excellent,Consistent,Not At Risk,Balanced High Performer
male,group C,high school,standard,completed,75,69,68,70.66666666666667,75,68,7,3.7859388972001824,Mathematics,Writing,Good,Highly Consistent,Not At Risk,Developing Performer
male,group D,associate's degree,free/reduced,completed,79,82,80,80.33333333333333,82,79,3,1.5275252316519468,Reading,Mathematics,Excellent,Highly Consistent,Not At Risk,Balanced High Performer
female,group C,associate's degree,standard,none,81,77,79,79.0,81,77,4,2.0,Mathematics,Reading,Good,Highly Consistent,Not At Risk,Balanced High Performer
female,group D,associate's degree,standard,none,82,95,89,88.66666666666667,95,82,13,6.506407098647712,Reading,Mathematics,Excellent,Consistent,Not At Risk,Balanced High Performer
female,group D,master's degree,standard,none,64,63,66,64.33333333333333,66,63,3,1.5275252316519468,Writing,Reading,Average,Highly Consistent,Not At Risk,Developing Performer
male,group E,some high school,free/reduced,completed,78,83,80,80.33333333333333,83,78,5,2.516611478423583,Reading,Mathematics,Excellent,Highly Consistent,Not At Risk,Balanced High Performer
female,group A,some high school,standard,completed,92,100,97,96.33333333333333,100,92,8,4.041451884327381,Reading,Mathematics,Excellent,Highly Consistent,Not At Risk,Balanced High Performer
male,group C,high school,standard,completed,72,67,64,67.66666666666667,72,64,8,4.041451884327381,Mathematics,Writing,Average,Highly Consistent,Not At Risk,Developing Performer
female,group C,high school,free/reduced,none,62,67,64,64.33333333333333,67,62,5,2.516611478423583,Reading,Mathematics,Average,Highly Consistent,Not At Risk,Developing Performer
male,group C,master's degree,standard,none,79,72,69,73.33333333333333,79,69,10,5.131601439446884,Mathematics,Writing,Good,Consistent,Not At Risk,Developing Performer
male,group C,some high school,free/reduced,none,79,76,65,73.33333333333333,79,65,14,7.371114795831994,Mathematics,Writing,Good,Consistent,Not At Risk,Developing Performer
male,group B,bachelor's degree,free/reduced,completed,87,90,88,88.33333333333333,90,87,3,1.5275252316519468,Reading,Mathematics,Excellent,Highly Consistent,Not At Risk,Balanced High Performer
female,group B,associate's degree,standard,none,40,48,50,46.0,50,40,10,5.291502622129181,Writing,Mathematics,Poor,Consistent,At Risk,At-Risk Performer
male,group D,some college,free/reduced,none,77,62,64,67.66666666666667,77,62,15,8.144527815247079,Mathematics,Reading,Average,Consistent,Not At Risk,Math-Oriented
male,group E,associate's degree,standard,none,53,45,40,46.0,53,40,13,6.557438524302,Mathematics,Writing,Poor,Consistent,At Risk,At-Risk Performer
female,group C,some college,free/reduced,none,32,39,33,34.666666666666664,39,32,7,3.785938897200183,Reading,Mathematics,Poor,Highly Consistent,At Risk,At-Risk Performer
female,group C,associate's degree,standard,completed,55,72,79,68.66666666666667,79,55,24,12.342339054382412,Writing,Mathematics,Average,Moderately Consistent,Not At Risk,Language-Oriented
male,group C,master's degree,free/reduced,none,61,67,66,64.66666666666667,67,61,6,3.214550253664318,Reading,Mathematics,Average,Highly Consistent,Not At Risk,Developing Performer
female,group B,associate's degree,free/reduced,none,53,70,70,64.33333333333333,70,53,17,9.814954576223638,Reading,Mathematics,Average,Consistent,Not At Risk,Language-Oriented
male,group D,some high school,standard,none,73,66,62,67.0,73,62,11,5.5677643628300215,Mathematics,Writing,Average,Consistent,Not At Risk,Developing Performer
female,group D,some college,standard,completed,74,75,79,76.0,79,74,5,2.6457513110645907,Writing,Mathematics,Good,Highly Consistent,Not At Risk,Balanced High Performer
female,group C,some college,standard,none,63,74,74,70.33333333333333,74,63,11,6.350852961085883,Reading,Mathematics,Good,Consistent,Not At Risk,Language-Oriented
male,group C,bachelor's degree,standard,completed,96,90,92,92.66666666666667,96,90,6,3.055050463303893,Mathematics,Reading,Excellent,Highly Consistent,Not At Risk,Balanced High Performer
female,group D,some college,free/reduced,completed,63,80,80,74.33333333333333,80,63,17,9.814954576223638,Reading,Mathematics,Good,Consistent,Not At Risk,Language-Oriented
male,group B,bachelor's degree,free/reduced,none,48,51,46,48.333333333333336,51,46,5,2.516611478423583,Reading,Writing,Poor,Highly Consistent,At Risk,At-Risk Performer
male,group B,associate's degree,standard,none,48,43,45,45.333333333333336,48,43,5,2.516611478423583,Mathematics,Reading,Poor,Highly Consistent,At Risk,At-Risk Performer
female,group E,bachelor's degree,free/reduced,completed,92,100,100,97.33333333333333,100,92,8,4.618802153517006,Reading,Mathematics,Excellent,Highly Consistent,Not At Risk,Balanced High Performer
female,group D,master's degree,free/reduced,completed,61,71,78,70.0,78,61,17,8.54400374531753,Writing,Mathematics,Good,Consistent,Not At Risk,Language-Oriented
male,group B,high school,free/reduced,none,63,48,47,52.666666666666664,63,47,16,8.962886439832502,Mathematics,Writing,Below Average,Consistent,Not At Risk,Math-Oriented
male,group D,bachelor's degree,free/reduced,none,68,68,67,67.66666666666667,68,67,1,0.5773502691896257,Mathematics,Writing,Average,Highly Consistent,Not At Risk,Developing Performer
male,group B,some college,standard,completed,71,75,70,72.0,75,70,5,2.6457513110645907,Reading,Writing,Good,Highly Consistent,Not At Risk,Balanced High Performer
male,group A,bachelor's degree,standard,none,91,96,92,93.0,96,91,5,2.6457513110645907,Reading,Mathematics,Excellent,Highly Consistent,Not At Risk,Balanced High Performer
female,group C,some college,standard,none,53,62,56,57.0,62,53,9,4.58257569495584,Reading,Mathematics,Below Average,Highly Consistent,Not At Risk,Developing Performer
female,group C,high school,free/reduced,completed,50,66,64,60.0,66,50,16,8.717797887081348,Reading,Mathematics,Average,Consistent,Not At Risk,Language-Oriented
female,group E,high school,standard,none,74,81,71,75.33333333333333,81,71,10,5.131601439446884,Reading,Writing,Good,Consistent,Not At Risk,Balanced High Performer
male,group A,associate's degree,free/reduced,completed,40,55,53,49.333333333333336,55,40,15,8.144527815247077,Reading,Mathematics,Poor,Consistent,At Risk,At-Risk Performer
male,group A,some college,standard,completed,61,51,52,54.666666666666664,61,51,10,5.507570547286102,Mathematics,Reading,Below Average,Consistent,Not At Risk,Developing Performer
female,group B,high school,standard,none,81,91,89,87.0,91,81,10,5.291502622129181,Reading,Mathematics,Excellent,Consistent,Not At Risk,Balanced High Performer
female,group B,some college,free/reduced,completed,48,56,58,54.0,58,48,10,5.291502622129181,Writing,Mathematics,Below Average,Consistent,Not At Risk,Developing Performer
female,group D,master's degree,standard,none,53,61,68,60.666666666666664,68,53,15,7.505553499465135,Writing,Mathematics,Average,Consistent,Not At Risk,Developing Performer
female,group D,some high school,standard,none,81,97,96,91.33333333333333,97,81,16,8.962886439832502,Reading,Mathematics,Excellent,Consistent,Not At Risk,Balanced High Performer
female,group E,some high school,standard,none,77,79,80,78.66666666666667,80,77,3,1.5275252316519468,Writing,Mathematics,Good,Highly Consistent,Not At Risk,Balanced High Performer
female,group D,bachelor's degree,free/reduced,none,63,73,78,71.33333333333333,78,63,15,7.637626158259734,Writing,Mathematics,Good,Consistent,Not At Risk,Language-Oriented
female,group D,associate's degree,standard,completed,73,75,80,76.0,80,73,7,3.605551275463989,Writing,Mathematics,Good,Highly Consistent,Not At Risk,Balanced High Performer
female,group D,some college,standard,none,69,77,77,74.33333333333333,77,69,8,4.618802153517006,Reading,Mathematics,Good,Highly Consistent,Not At Risk,Developing Performer
female,group C,associate's degree,standard,none,65,76,76,72.33333333333333,76,65,11,6.350852961085883,Reading,Mathematics,Good,Consistent,Not At Risk,Language-Oriented
female,group A,high school,standard,none,55,73,73,67.0,73,55,18,10.392304845413264,Reading,Mathematics,Average,Moderately Consistent,Not At Risk,Language-Oriented
female,group C,bachelor's degree,free/reduced,none,44,63,62,56.333333333333336,63,44,19,10.692676621563628,Reading,Mathematics,Below Average,Moderately Consistent,Not At Risk,Language-Oriented
female,group C,some college,standard,none,54,64,65,61.0,65,54,11,6.082762530298219,Writing,Mathematics,Average,Consistent,Not At Risk,Language-Oriented
female,group A,some high school,standard,none,48,66,65,59.666666666666664,66,48,18,10.115993936995679,Reading,Mathematics,Below Average,Moderately Consistent,Not At Risk,Language-Oriented
male,group C,some college,free/reduced,none,58,57,54,56.333333333333336,58,54,4,2.0816659994661326,Mathematics,Writing,Below Average,Highly Consistent,Not At Risk,Developing Performer
male,group A,some high school,standard,none,71,62,50,61.0,71,50,21,10.535653752852738,Mathematics,Writing,Average,Moderately Consistent,Not At Risk,Inconsistent Performer
male,group E,bachelor's degree,standard,none,68,68,64,66.66666666666667,68,64,4,2.3094010767585034,Mathematics,Writing,Average,Highly Consistent,Not At Risk,Developing Performer
female,group E,high school,standard,none,74,76,73,74.33333333333333,76,73,3,1.5275252316519468,Reading,Writing,Good,Highly Consistent,Not At Risk,Balanced High Performer
female,group C,bachelor's degree,standard,completed,92,100,99,97.0,100,92,8,4.358898943540674,Reading,Mathematics,Excellent,Highly Consistent,Not At Risk,Balanced High Performer
female,group C,bachelor's degree,standard,completed,56,79,72,69.0,79,56,23,11.789826122551595,Reading,Mathematics,Average,Moderately Consistent,Not At Risk,Language-Oriented
male,group B,high school,free/reduced,none,30,24,15,23.0,30,15,15,7.54983443527075,Mathematics,Writing,Poor,Consistent,At Risk,At-Risk Performer
male,group A,some high school,standard,none,53,54,48,51.666666666666664,54,48,6,3.214550253664318,Reading,Writing,Below Average,Highly Consistent,Not At Risk,Developing Performer
female,group D,high school,standard,none,69,77,73,73.0,77,69,8,4.0,Reading,Mathematics,Good,Highly Consistent,Not At Risk,Developing Performer
female,group D,some high school,standard,none,65,82,81,76.0,82,65,17,9.539392014169456,Reading,Mathematics,Good,Consistent,Not At Risk,Language-Oriented
female,group D,master's degree,standard,none,54,60,63,59.0,63,54,9,4.58257569495584,Writing,Mathematics,Below Average,Highly Consistent,Not At Risk,Developing Performer
female,group C,high school,standard,none,29,29,30,29.333333333333332,30,29,1,0.5773502691896258,Writing,Mathematics,Poor,Highly Consistent,At Risk,At-Risk Performer
female,group E,some college,standard,none,76,78,80,78.0,80,76,4,2.0,Writing,Mathematics,Good,Highly Consistent,Not At Risk,Balanced High Performer
male,group D,high school,free/reduced,none,60,57,51,56.0,60,51,9,4.58257569495584,Mathematics,Writing,Below Average,Highly Consistent,Not At Risk,Developing Performer
male,group D,master's degree,free/reduced,completed,84,89,90,87.66666666666667,90,84,6,3.214550253664318,Writing,Mathematics,Excellent,Highly Consistent,Not At Risk,Balanced High Performer
male,group C,some high school,standard,none,75,72,62,69.66666666666667,75,62,13,6.8068592855540455,Mathematics,Writing,Average,Consistent,Not At Risk,Developing Performer
female,group C,associate's degree,standard,none,85,84,82,83.66666666666667,85,82,3,1.5275252316519468,Mathematics,Writing,Excellent,Highly Consistent,Not At Risk,Balanced High Performer
female,group C,master's degree,free/reduced,none,40,58,54,50.666666666666664,58,40,18,9.451631252505216,Reading,Mathematics,Below Average,Consistent,Not At Risk,Language-Oriented
female,group E,some college,standard,none,61,64,62,62.333333333333336,64,61,3,1.5275252316519465,Reading,Mathematics,Average,Highly Consistent,Not At Risk,Developing Performer
female,group B,associate's degree,standard,none,58,63,65,62.0,65,58,7,3.605551275463989,Writing,Mathematics,Average,Highly Consistent,Not At Risk,Developing Performer
male,group D,some college,free/reduced,completed,69,60,63,64.0,69,60,9,4.58257569495584,Mathematics,Reading,Average,Highly Consistent,Not At Risk,Developing Performer
female,group C,some college,standard,none,58,59,66,61.0,66,58,8,4.358898943540674,Writing,Mathematics,Average,Highly Consistent,Not At Risk,Developing Performer
male,group C,bachelor's degree,standard,completed,94,90,91,91.66666666666667,94,90,4,2.0816659994661326,Mathematics,Reading,Excellent,Highly Consistent,Not At Risk,Balanced High Performer
female,group C,associate's degree,standard,none,65,77,74,72.0,77,65,12,6.244997998398398,Reading,Mathematics,Good,Consistent,Not At Risk,Developing Performer
female,group A,associate's degree,standard,none,82,93,93,89.33333333333333,93,82,11,6.350852961085883,Reading,Mathematics,Excellent,Consistent,Not At Risk,Balanced High Performer
female,group C,high school,standard,none,60,68,72,66.66666666666667,72,60,12,6.110100926607786,Writing,Mathematics,Average,Consistent,Not At Risk,Developing Performer
female,group E,bachelor's degree,standard,none,37,45,38,40.0,45,37,8,4.358898943540674,Reading,Mathematics,Poor,Highly Consistent,At Risk,At-Risk Performer
male,group D,bachelor's degree,standard,none,88,78,83,83.0,88,78,10,5.0,Mathematics,Reading,Excellent,Highly Consistent,Not At Risk,Balanced High Performer
male,group D,master's degree,standard,none,95,81,84,86.66666666666667,95,81,14,7.3711147958319945,Mathematics,Reading,Excellent,Consistent,Not At Risk,Balanced High Performer
male,group C,associate's degree,free/reduced,completed,65,73,68,68.66666666666667,73,65,8,4.041451884327381,Reading,Mathematics,Average,Highly Consistent,Not At Risk,Developing Performer
female,group C,high school,free/reduced,none,35,61,54,50.0,61,35,26,13.45362404707371,Reading,Mathematics,Below Average,Moderately Consistent,Not At Risk,Language-Oriented
male,group B,bachelor's degree,free/reduced,none,62,63,56,60.333333333333336,63,56,7,3.7859388972001824,Reading,Writing,Average,Highly Consistent,Not At Risk,Developing Performer
male,group C,high school,free/reduced,completed,58,51,52,53.666666666666664,58,51,7,3.785938897200183,Mathematics,Reading,Below Average,Highly Consistent,Not At Risk,Developing Performer
male,group A,some college,standard,completed,100,96,86,94.0,100,86,14,7.211102550927978,Mathematics,Writing,Excellent,Consistent,Not At Risk,Balanced High Performer
female,group E,bachelor's degree,free/reduced,none,61,58,62,60.333333333333336,62,58,4,2.0816659994661326,Writing,Reading,Average,Highly Consistent,Not At Risk,Developing Performer
male,group D,some college,standard,completed,100,97,99,98.66666666666667,100,97,3,1.5275252316519468,Mathematics,Reading,Excellent,Highly Consistent,Not At Risk,Balanced High Performer
male,group B,associate's degree,free/reduced,completed,69,70,63,67.33333333333333,70,63,7,3.7859388972001824,Reading,Writing,Average,Highly Consistent,Not At Risk,Developing Performer
male,group D,associate's degree,standard,none,61,48,46,51.666666666666664,61,46,15,8.144527815247079,Mathematics,Writing,Below Average,Consistent,Not At Risk,Math-Oriented
male,group D,some college,free/reduced,none,49,57,46,50.666666666666664,57,46,11,5.686240703077327,Reading,Writing,Below Average,Consistent,Not At Risk,Developing Performer
female,group C,some high school,standard,completed,44,51,55,50.0,55,44,11,5.5677643628300215,Writing,Mathematics,Below Average,Consistent,Not At Risk,Developing Performer
male,group D,some college,standard,none,67,64,70,67.0,70,64,6,3.0,Writing,Reading,Average,Highly Consistent,Not At Risk,Developing Performer
male,group B,high school,standard,none,79,60,65,68.0,79,60,19,9.848857801796104,Mathematics,Reading,Average,Consistent,Not At Risk,Math-Oriented
female,group B,bachelor's degree,standard,completed,66,74,81,73.66666666666667,81,66,15,7.505553499465135,Writing,Mathematics,Good,Consistent,Not At Risk,Developing Performer
female,group C,high school,standard,none,75,88,85,82.66666666666667,88,75,13,6.8068592855540455,Reading,Mathematics,Excellent,Consistent,Not At Risk,Balanced High Performer
male,group D,some high school,standard,none,84,84,80,82.66666666666667,84,80,4,2.3094010767585034,Mathematics,Writing,Excellent,Highly Consistent,Not At Risk,Balanced High Performer
male,group A,high school,standard,none,71,74,64,69.66666666666667,74,64,10,5.131601439446884,Reading,Writing,Average,Consistent,Not At Risk,Developing Performer
female,group B,high school,free/reduced,completed,67,80,81,76.0,81,67,14,7.810249675906654,Writing,Mathematics,Good,Consistent,Not At Risk,Language-Oriented
female,group D,some high school,standard,completed,80,92,88,86.66666666666667,92,80,12,6.110100926607787,Reading,Mathematics,Excellent,Consistent,Not At Risk,Balanced High Performer
male,group E,some college,standard,none,86,76,74,78.66666666666667,86,74,12,6.429100507328636,Mathematics,Writing,Good,Consistent,Not At Risk,Balanced High Performer
female,group D,associate's degree,standard,none,76,74,73,74.33333333333333,76,73,3,1.5275252316519468,Mathematics,Writing,Good,Highly Consistent,Not At Risk,Balanced High Performer
male,group D,high school,standard,none,41,52,51,48.0,52,41,11,6.082762530298219,Reading,Mathematics,Poor,Consistent,At Risk,At-Risk Performer
female,group D,associate's degree,free/reduced,completed,74,88,90,84.0,90,74,16,8.717797887081348,Writing,Mathematics,Excellent,Consistent,Not At Risk,Balanced High Performer
female,group B,some high school,free/reduced,none,72,81,79,77.33333333333333,81,72,9,4.725815626252608,Reading,Mathematics,Good,Highly Consistent,Not At Risk,Balanced High Performer
female,group E,high school,standard,completed,74,79,80,77.66666666666667,80,74,6,3.214550253664318,Writing,Mathematics,Good,Highly Consistent,Not At Risk,Balanced High Performer
male,group B,high school,standard,none,70,65,60,65.0,70,60,10,5.0,Mathematics,Writing,Average,Highly Consistent,Not At Risk,Developing Performer
female,group B,bachelor's degree,standard,completed,65,81,81,75.66666666666667,81,65,16,9.237604307034013,Reading,Mathematics,Good,Consistent,Not At Risk,Language-Oriented
female,group D,associate's degree,standard,none,59,70,65,64.66666666666667,70,59,11,5.507570547286102,Reading,Mathematics,Average,Consistent,Not At Risk,Developing Performer
female,group E,high school,free/reduced,none,64,62,68,64.66666666666667,68,62,6,3.055050463303893,Writing,Reading,Average,Highly Consistent,Not At Risk,Developing Performer
female,group B,high school,standard,none,50,53,55,52.666666666666664,55,50,5,2.516611478423583,Writing,Mathematics,Below Average,Highly Consistent,Not At Risk,Developing Performer
female,group D,some college,standard,completed,69,79,81,76.33333333333333,81,69,12,6.429100507328636,Writing,Mathematics,Good,Consistent,Not At Risk,Language-Oriented
male,group C,some high school,free/reduced,completed,51,56,53,53.333333333333336,56,51,5,2.516611478423583,Reading,Mathematics,Below Average,Highly Consistent,Not At Risk,Developing Performer
female,group A,high school,standard,completed,68,80,76,74.66666666666667,80,68,12,6.110100926607787,Reading,Mathematics,Good,Consistent,Not At Risk,Developing Performer
female,group D,some college,standard,completed,85,86,98,89.66666666666667,98,85,13,7.234178138070235,Writing,Mathematics,Excellent,Consistent,Not At Risk,Balanced High Performer
female,group A,associate's degree,standard,completed,65,70,74,69.66666666666667,74,65,9,4.509249752822894,Writing,Mathematics,Average,Highly Consistent,Not At Risk,Developing Performer
female,group B,some high school,standard,none,73,79,79,77.0,79,73,6,3.4641016151377544,Reading,Mathematics,Good,Highly Consistent,Not At Risk,Balanced High Performer
female,group B,some college,standard,none,62,67,67,65.33333333333333,67,62,5,2.8867513459481287,Reading,Mathematics,Average,Highly Consistent,Not At Risk,Developing Performer
male,group C,associate's degree,free/reduced,none,77,67,64,69.33333333333333,77,64,13,6.8068592855540455,Mathematics,Writing,Average,Consistent,Not At Risk,Math-Oriented
male,group D,some high school,standard,none,69,66,61,65.33333333333333,69,61,8,4.041451884327381,Mathematics,Writing,Average,Highly Consistent,Not At Risk,Developing Performer
female,group D,associate's degree,free/reduced,none,43,60,58,53.666666666666664,60,43,17,9.291573243177568,Reading,Mathematics,Below Average,Consistent,Not At Risk,Language-Oriented
male,group D,associate's degree,standard,none,90,87,85,87.33333333333333,90,85,5,2.5166114784235836,Mathematics,Writing,Excellent,Highly Consistent,Not At Risk,Balanced High Performer
male,group C,some college,free/reduced,none,74,77,73,74.66666666666667,77,73,4,2.081665999466133,Reading,Writing,Good,Highly Consistent,Not At Risk,Balanced High Performer
male,group C,some high school,standard,none,73,66,63,67.33333333333333,73,63,10,5.131601439446884,Mathematics,Writing,Average,Consistent,Not At Risk,Developing Performer
female,group D,some college,free/reduced,none,55,71,69,65.0,71,55,16,8.717797887081348,Reading,Mathematics,Average,Consistent,Not At Risk,Language-Oriented
female,group C,high school,standard,none,65,69,67,67.0,69,65,4,2.0,Reading,Mathematics,Average,Highly Consistent,Not At Risk,Developing Performer
male,group D,associate's degree,standard,none,80,63,63,68.66666666666667,80,63,17,9.814954576223638,Mathematics,Reading,Average,Consistent,Not At Risk,Math-Oriented
female,group C,some high school,free/reduced,completed,50,60,60,56.666666666666664,60,50,10,5.773502691896258,Reading,Mathematics,Below Average,Consistent,Not At Risk,Language-Oriented
female,group C,some college,free/reduced,completed,63,73,71,69.0,73,63,10,5.291502622129181,Reading,Mathematics,Average,Consistent,Not At Risk,Developing Performer
female,group B,bachelor's degree,free/reduced,none,77,85,87,83.0,87,77,10,5.291502622129181,Writing,Mathematics,Excellent,Consistent,Not At Risk,Balanced High Performer
male,group C,some college,standard,none,73,74,61,69.33333333333333,74,61,13,7.234178138070235,Reading,Writing,Average,Consistent,Not At Risk,Developing Performer
male,group D,associate's degree,standard,completed,81,72,77,76.66666666666667,81,72,9,4.509249752822894,Mathematics,Reading,Good,Highly Consistent,Not At Risk,Balanced High Performer
female,group C,high school,free/reduced,none,66,76,68,70.0,76,66,10,5.291502622129181,Reading,Mathematics,Good,Consistent,Not At Risk,Developing Performer
male,group D,associate's degree,free/reduced,none,52,57,50,53.0,57,50,7,3.605551275463989,Reading,Writing,Below Average,Highly Consistent,Not At Risk,Developing Performer
female,group C,some college,standard,none,69,78,76,74.33333333333333,78,69,9,4.725815626252608,Reading,Mathematics,Good,Highly Consistent,Not At Risk,Developing Performer
female,group C,associate's degree,standard,completed,65,84,84,77.66666666666667,84,65,19,10.96965511460289,Reading,Mathematics,Good,Moderately Consistent,Not At Risk,Language-Oriented
female,group D,high school,standard,completed,69,77,78,74.66666666666667,78,69,9,4.932882862316247,Writing,Mathematics,Good,Highly Consistent,Not At Risk,Developing Performer
female,group B,some college,standard,completed,50,64,66,60.0,66,50,16,8.717797887081348,Writing,Mathematics,Average,Consistent,Not At Risk,Language-Oriented
female,group E,some college,standard,completed,73,78,76,75.66666666666667,78,73,5,2.516611478423583,Reading,Mathematics,Good,Highly Consistent,Not At Risk,Balanced High Performer
female,group C,some high school,standard,completed,70,82,76,76.0,82,70,12,6.0,Reading,Mathematics,Good,Consistent,Not At Risk,Balanced High Performer
male,group D,associate's degree,free/reduced,none,81,75,78,78.0,81,75,6,3.0,Mathematics,Reading,Good,Highly Consistent,Not At Risk,Balanced High Performer
male,group D,some college,free/reduced,none,63,61,60,61.333333333333336,63,60,3,1.5275252316519465,Mathematics,Writing,Average,Highly Consistent,Not At Risk,Developing Performer
female,group D,high school,standard,none,67,72,74,71.0,74,67,7,3.605551275463989,Writing,Mathematics,Good,Highly Consistent,Not At Risk,Developing Performer
male,group B,high school,standard,none,60,68,60,62.666666666666664,68,60,8,4.618802153517007,Reading,Mathematics,Average,Highly Consistent,Not At Risk,Developing Performer
male,group B,high school,standard,none,62,55,54,57.0,62,54,8,4.358898943540674,Mathematics,Writing,Below Average,Highly Consistent,Not At Risk,Developing Performer
female,group C,some high school,free/reduced,completed,29,40,44,37.666666666666664,44,29,15,7.767453465154029,Writing,Mathematics,Poor,Consistent,At Risk,At-Risk Performer
male,group B,some college,standard,completed,62,66,68,65.33333333333333,68,62,6,3.055050463303893,Writing,Mathematics,Average,Highly Consistent,Not At Risk,Developing Performer
female,group E,master's degree,standard,completed,94,99,100,97.66666666666667,100,94,6,3.214550253664318,Writing,Mathematics,Excellent,Highly Consistent,Not At Risk,Balanced High Performer
male,group E,some college,standard,completed,85,75,68,76.0,85,68,17,8.54400374531753,Mathematics,Writing,Good,Consistent,Not At Risk,Math-Oriented
male,group D,associate's degree,free/reduced,none,77,78,73,76.0,78,73,5,2.6457513110645907,Reading,Writing,Good,Highly Consistent,Not At Risk,Balanced High Performer
male,group A,high school,free/reduced,none,53,58,44,51.666666666666664,58,44,14,7.094598884597588,Reading,Writing,Below Average,Consistent,Not At Risk,Developing Performer
male,group E,some college,free/reduced,none,93,90,83,88.66666666666667,93,83,10,5.131601439446884,Mathematics,Writing,Excellent,Consistent,Not At Risk,Balanced High Performer
female,group C,associate's degree,standard,none,49,53,53,51.666666666666664,53,49,4,2.309401076758503,Reading,Mathematics,Below Average,Highly Consistent,Not At Risk,Developing Performer
female,group E,associate's degree,free/reduced,none,73,76,78,75.66666666666667,78,73,5,2.5166114784235836,Writing,Mathematics,Good,Highly Consistent,Not At Risk,Balanced High Performer
female,group C,bachelor's degree,free/reduced,completed,66,74,81,73.66666666666667,81,66,15,7.505553499465135,Writing,Mathematics,Good,Consistent,Not At Risk,Developing Performer
female,group D,associate's degree,standard,none,77,77,73,75.66666666666667,77,73,4,2.3094010767585034,Mathematics,Writing,Good,Highly Consistent,Not At Risk,Balanced High Performer
female,group C,some high school,standard,none,49,63,56,56.0,63,49,14,7.0,Reading,Mathematics,Below Average,Consistent,Not At Risk,Developing Performer
female,group D,some college,free/reduced,none,79,89,86,84.66666666666667,89,79,10,5.131601439446884,Reading,Mathematics,Excellent,Consistent,Not At Risk,Balanced High Performer
female,group C,associate's degree,standard,completed,75,82,90,82.33333333333333,90,75,15,7.505553499465135,Writing,Mathematics,Excellent,Consistent,Not At Risk,Balanced High Performer
female,group A,bachelor's degree,standard,none,59,72,70,67.0,72,59,13,7.0,Reading,Mathematics,Average,Consistent,Not At Risk,Language-Oriented
female,group D,associate's degree,standard,completed,57,78,79,71.33333333333333,79,57,22,12.42309676905615,Writing,Mathematics,Good,Moderately Consistent,Not At Risk,Language-Oriented
male,group C,high school,free/reduced,none,66,66,59,63.666666666666664,66,59,7,4.041451884327381,Mathematics,Writing,Average,Highly Consistent,Not At Risk,Developing Performer
female,group E,bachelor's degree,standard,completed,79,81,82,80.66666666666667,82,79,3,1.5275252316519468,Writing,Mathematics,Excellent,Highly Consistent,Not At Risk,Balanced High Performer
female,group B,some high school,standard,none,57,67,72,65.33333333333333,72,57,15,7.637626158259734,Writing,Mathematics,Average,Consistent,Not At Risk,Language-Oriented
male,group A,bachelor's degree,standard,completed,87,84,87,86.0,87,84,3,1.7320508075688772,Mathematics,Reading,Excellent,Highly Consistent,Not At Risk,Balanced High Performer
female,group D,some college,standard,none,63,64,67,64.66666666666667,67,63,4,2.081665999466133,Writing,Mathematics,Average,Highly Consistent,Not At Risk,Developing Performer
female,group B,some high school,free/reduced,completed,59,63,64,62.0,64,59,5,2.6457513110645907,Writing,Mathematics,Average,Highly Consistent,Not At Risk,Developing Performer
male,group A,bachelor's degree,free/reduced,none,62,72,65,66.33333333333333,72,62,10,5.131601439446884,Reading,Mathematics,Average,Consistent,Not At Risk,Developing Performer
male,group D,high school,standard,none,46,34,36,38.666666666666664,46,34,12,6.429100507328637,Mathematics,Reading,Poor,Consistent,At Risk,At-Risk Performer
male,group C,some college,standard,none,66,59,52,59.0,66,52,14,7.0,Mathematics,Writing,Below Average,Consistent,Not At Risk,Developing Performer
male,group D,high school,standard,none,89,87,79,85.0,89,79,10,5.291502622129181,Mathematics,Writing,Excellent,Consistent,Not At Risk,Balanced High Performer
female,group D,associate's degree,free/reduced,completed,42,61,58,53.666666666666664,61,42,19,10.214368964029708,Reading,Mathematics,Below Average,Moderately Consistent,Not At Risk,Language-Oriented
male,group C,some college,standard,completed,93,84,90,89.0,93,84,9,4.58257569495584,Mathematics,Reading,Excellent,Highly Consistent,Not At Risk,Balanced High Performer
female,group E,some high school,standard,completed,80,85,85,83.33333333333333,85,80,5,2.8867513459481287,Reading,Mathematics,Excellent,Highly Consistent,Not At Risk,Balanced High Performer
female,group D,some college,standard,none,98,100,99,99.0,100,98,2,1.0,Reading,Mathematics,Excellent,Highly Consistent,Not At Risk,Balanced High Performer
male,group D,master's degree,standard,none,81,81,84,82.0,84,81,3,1.7320508075688772,Writing,Mathematics,Excellent,Highly Consistent,Not At Risk,Balanced High Performer
female,group B,some high school,standard,completed,60,70,74,68.0,74,60,14,7.211102550927978,Writing,Mathematics,Average,Consistent,Not At Risk,Language-Oriented
female,group B,associate's degree,free/reduced,completed,76,94,87,85.66666666666667,94,76,18,9.073771725877467,Reading,Mathematics,Excellent,Consistent,Not At Risk,Balanced High Performer
male,group C,associate's degree,standard,completed,73,78,72,74.33333333333333,78,72,6,3.214550253664318,Reading,Writing,Good,Highly Consistent,Not At Risk,Balanced High Performer
female,group C,associate's degree,standard,completed,96,96,99,97.0,99,96,3,1.7320508075688772,Writing,Mathematics,Excellent,Highly Consistent,Not At Risk,Balanced High Performer
female,group C,high school,standard,none,76,76,74,75.33333333333333,76,74,2,1.1547005383792517,Mathematics,Writing,Good,Highly Consistent,Not At Risk,Balanced High Performer
male,group E,associate's degree,free/reduced,completed,91,73,80,81.33333333333333,91,73,18,9.073771725877467,Mathematics,Reading,Excellent,Consistent,Not At Risk,Balanced High Performer
female,group C,some college,free/reduced,none,62,72,70,68.0,72,62,10,5.291502622129181,Reading,Mathematics,Average,Consistent,Not At Risk,Developing Performer
male,group D,some high school,free/reduced,completed,55,59,59,57.666666666666664,59,55,4,2.309401076758503,Reading,Mathematics,Below Average,Highly Consistent,Not At Risk,Developing Performer
female,group B,some high school,free/reduced,completed,74,90,88,84.0,90,74,16,8.717797887081348,Reading,Mathematics,Excellent,Consistent,Not At Risk,Balanced High Performer
male,group C,high school,standard,none,50,48,42,46.666666666666664,50,42,8,4.163331998932266,Mathematics,Writing,Poor,Highly Consistent,At Risk,At-Risk Performer
male,group B,some college,standard,none,47,43,41,43.666666666666664,47,41,6,3.055050463303893,Mathematics,Writing,Poor,Highly Consistent,At Risk,At-Risk Performer
male,group E,some college,standard,completed,81,74,71,75.33333333333333,81,71,10,5.131601439446884,Mathematics,Writing,Good,Consistent,Not At Risk,Balanced High Performer
female,group E,associate's degree,standard,completed,65,75,77,72.33333333333333,77,65,12,6.429100507328636,Writing,Mathematics,Good,Consistent,Not At Risk,Language-Oriented
male,group E,some high school,standard,completed,68,51,57,58.666666666666664,68,51,17,8.621678104251709,Mathematics,Reading,Below Average,Consistent,Not At Risk,Math-Oriented
female,group D,high school,free/reduced,none,73,92,84,83.0,92,73,19,9.539392014169456,Reading,Mathematics,Excellent,Consistent,Not At Risk,Balanced High Performer
male,group C,some college,standard,none,53,39,37,43.0,53,37,16,8.717797887081348,Mathematics,Writing,Poor,Consistent,At Risk,At-Risk Performer
female,group B,associate's degree,free/reduced,completed,68,77,80,75.0,80,68,12,6.244997998398398,Writing,Mathematics,Good,Consistent,Not At Risk,Developing Performer
male,group A,some high school,free/reduced,none,55,46,43,48.0,55,43,12,6.244997998398398,Mathematics,Writing,Poor,Consistent,At Risk,At-Risk Performer
female,group C,some college,standard,completed,87,89,94,90.0,94,87,7,3.605551275463989,Writing,Mathematics,Excellent,Highly Consistent,Not At Risk,Balanced High Performer
male,group D,some high school,standard,none,55,47,44,48.666666666666664,55,44,11,5.686240703077327,Mathematics,Writing,Poor,Consistent,At Risk,At-Risk Performer
female,group E,some college,free/reduced,none,53,58,57,56.0,58,53,5,2.6457513110645907,Reading,Mathematics,Below Average,Highly Consistent,Not At Risk,Developing Performer
male,group C,master's degree,standard,none,67,57,59,61.0,67,57,10,5.291502622129181,Mathematics,Reading,Average,Consistent,Not At Risk,Developing Performer
male,group C,associate's degree,standard,none,92,79,84,85.0,92,79,13,6.557438524302,Mathematics,Reading,Excellent,Consistent,Not At Risk,Balanced High Performer
female,group B,some college,free/reduced,completed,53,66,73,64.0,73,53,20,10.14889156509222,Writing,Mathematics,Average,Moderately Consistent,Not At Risk,Language-Oriented
male,group D,associate's degree,standard,none,81,71,73,75.0,81,71,10,5.291502622129181,Mathematics,Reading,Good,Consistent,Not At Risk,Balanced High Performer
male,group C,high school,free/reduced,none,61,60,55,58.666666666666664,61,55,6,3.214550253664318,Mathematics,Writing,Below Average,Highly Consistent,Not At Risk,Developing Performer
male,group D,bachelor's degree,standard,none,80,73,72,75.0,80,72,8,4.358898943540674,Mathematics,Writing,Good,Highly Consistent,Not At Risk,Balanced High Performer
female,group A,associate's degree,free/reduced,none,37,57,56,50.0,57,37,20,11.269427669584644,Reading,Mathematics,Below Average,Moderately Consistent,Not At Risk,Language-Oriented
female,group C,high school,standard,none,81,84,82,82.33333333333333,84,81,3,1.5275252316519468,Reading,Mathematics,Excellent,Highly Consistent,Not At Risk,Balanced High Performer
female,group C,associate's degree,standard,completed,59,73,72,68.0,73,59,14,7.810249675906654,Reading,Mathematics,Average,Consistent,Not At Risk,Language-Oriented
male,group B,some college,free/reduced,none,55,55,47,52.333333333333336,55,47,8,4.618802153517007,Mathematics,Writing,Below Average,Highly Consistent,Not At Risk,Developing Performer
male,group D,associate's degree,standard,none,72,79,74,75.0,79,72,7,3.605551275463989,Reading,Mathematics,Good,Highly Consistent,Not At Risk,Balanced High Performer
male,group D,high school,standard,none,69,75,71,71.66666666666667,75,69,6,3.055050463303893,Reading,Mathematics,Good,Highly Consistent,Not At Risk,Developing Performer
male,group C,some college,standard,none,69,64,68,67.0,69,64,5,2.6457513110645907,Mathematics,Reading,Average,Highly Consistent,Not At Risk,Developing Performer
female,group C,bachelor's degree,free/reduced,none,50,60,59,56.333333333333336,60,50,10,5.507570547286102,Reading,Mathematics,Below Average,Consistent,Not At Risk,Developing Performer
male,group B,some college,standard,completed,87,84,86,85.66666666666667,87,84,3,1.5275252316519468,Mathematics,Reading,Excellent,Highly Consistent,Not At Risk,Balanced High Performer
male,group D,some high school,standard,completed,71,69,68,69.33333333333333,71,68,3,1.5275252316519468,Mathematics,Writing,Average,Highly Consistent,Not At Risk,Developing Performer
male,group E,some college,standard,none,68,72,65,68.33333333333333,72,65,7,3.511884584284246,Reading,Writing,Average,Highly Consistent,Not At Risk,Developing Performer
male,group C,master's degree,free/reduced,completed,79,77,75,77.0,79,75,4,2.0,Mathematics,Writing,Good,Highly Consistent,Not At Risk,Balanced High Performer
female,group C,some high school,standard,completed,77,90,85,84.0,90,77,13,6.557438524302,Reading,Mathematics,Excellent,Consistent,Not At Risk,Balanced High Performer
male,group C,associate's degree,free/reduced,none,58,55,53,55.333333333333336,58,53,5,2.516611478423583,Mathematics,Writing,Below Average,Highly Consistent,Not At Risk,Developing Performer
female,group E,associate's degree,standard,none,84,95,92,90.33333333333333,95,84,11,5.686240703077327,Reading,Mathematics,Excellent,Consistent,Not At Risk,Balanced High Performer
male,group D,some college,standard,none,55,58,52,55.0,58,52,6,3.0,Reading,Writing,Below Average,Highly Consistent,Not At Risk,Developing Performer
male,group E,bachelor's degree,free/reduced,completed,70,68,72,70.0,72,68,4,2.0,Writing,Reading,Good,Highly Consistent,Not At Risk,Developing Performer
female,group D,some college,free/reduced,completed,52,59,65,58.666666666666664,65,52,13,6.506407098647712,Writing,Mathematics,Below Average,Consistent,Not At Risk,Developing Performer
male,group B,some college,standard,completed,69,77,77,74.33333333333333,77,69,8,4.618802153517006,Reading,Mathematics,Good,Highly Consistent,Not At Risk,Developing Performer
female,group C,high school,free/reduced,none,53,72,64,63.0,72,53,19,9.539392014169456,Reading,Mathematics,Average,Consistent,Not At Risk,Language-Oriented
female,group D,some high school,standard,none,48,58,54,53.333333333333336,58,48,10,5.033222956847167,Reading,Mathematics,Below Average,Consistent,Not At Risk,Developing Performer
male,group D,some high school,standard,completed,78,81,86,81.66666666666667,86,78,8,4.041451884327381,Writing,Mathematics,Excellent,Highly Consistent,Not At Risk,Balanced High Performer
female,group B,high school,standard,none,62,62,63,62.333333333333336,63,62,1,0.5773502691896258,Writing,Mathematics,Average,Highly Consistent,Not At Risk,Developing Performer
male,group D,some college,standard,none,60,63,59,60.666666666666664,63,59,4,2.0816659994661326,Reading,Writing,Average,Highly Consistent,Not At Risk,Developing Performer
female,group B,high school,standard,none,74,72,72,72.66666666666667,74,72,2,1.1547005383792517,Mathematics,Reading,Good,Highly Consistent,Not At Risk,Balanced High Performer
female,group C,high school,standard,completed,58,75,77,70.0,77,58,19,10.44030650891055,Writing,Mathematics,Good,Moderately Consistent,Not At Risk,Language-Oriented
male,group B,high school,standard,completed,76,62,60,66.0,76,60,16,8.717797887081348,Mathematics,Writing,Average,Consistent,Not At Risk,Math-Oriented
female,group D,some high school,standard,none,68,71,75,71.33333333333333,75,68,7,3.511884584284246,Writing,Mathematics,Good,Highly Consistent,Not At Risk,Developing Performer
male,group A,some college,free/reduced,none,58,60,57,58.333333333333336,60,57,3,1.5275252316519465,Reading,Writing,Below Average,Highly Consistent,Not At Risk,Developing Performer
male,group B,high school,standard,none,52,48,49,49.666666666666664,52,48,4,2.0816659994661326,Mathematics,Reading,Poor,Highly Consistent,At Risk,At-Risk Performer
male,group D,bachelor's degree,standard,none,75,73,74,74.0,75,73,2,1.0,Mathematics,Reading,Good,Highly Consistent,Not At Risk,Balanced High Performer
female,group B,some high school,free/reduced,completed,52,67,72,63.666666666666664,72,52,20,10.408329997330663,Writing,Mathematics,Average,Moderately Consistent,Not At Risk,Language-Oriented
female,group C,bachelor's degree,free/reduced,none,62,78,79,73.0,79,62,17,9.539392014169456,Writing,Mathematics,Good,Consistent,Not At Risk,Language-Oriented
male,group B,some college,standard,none,66,65,60,63.666666666666664,66,60,6,3.214550253664318,Mathematics,Writing,Average,Highly Consistent,Not At Risk,Developing Performer
female,group B,some high school,free/reduced,none,49,58,55,54.0,58,49,9,4.58257569495584,Reading,Mathematics,Below Average,Highly Consistent,Not At Risk,Developing Performer
female,group B,high school,standard,none,66,72,70,69.33333333333333,72,66,6,3.055050463303893,Reading,Mathematics,Average,Highly Consistent,Not At Risk,Developing Performer
female,group C,some college,free/reduced,none,35,44,43,40.666666666666664,44,35,9,4.932882862316248,Reading,Mathematics,Poor,Highly Consistent,At Risk,At-Risk Performer
female,group A,some college,standard,completed,72,79,82,77.66666666666667,82,72,10,5.131601439446884,Writing,Mathematics,Good,Consistent,Not At Risk,Balanced High Performer
male,group E,associate's degree,standard,completed,94,85,82,87.0,94,82,12,6.244997998398398,Mathematics,Writing,Excellent,Consistent,Not At Risk,Balanced High Performer
female,group D,associate's degree,free/reduced,none,46,56,57,53.0,57,46,11,6.082762530298219,Writing,Mathematics,Below Average,Consistent,Not At Risk,Language-Oriented
female,group B,master's degree,standard,none,77,90,84,83.66666666666667,90,77,13,6.506407098647712,Reading,Mathematics,Excellent,Consistent,Not At Risk,Balanced High Performer
female,group B,high school,free/reduced,completed,76,85,82,81.0,85,76,9,4.58257569495584,Reading,Mathematics,Excellent,Highly Consistent,Not At Risk,Balanced High Performer
female,group C,associate's degree,standard,completed,52,59,62,57.666666666666664,62,52,10,5.131601439446884,Writing,Mathematics,Below Average,Consistent,Not At Risk,Developing Performer
male,group C,bachelor's degree,standard,completed,91,81,79,83.66666666666667,91,79,12,6.429100507328636,Mathematics,Writing,Excellent,Consistent,Not At Risk,Balanced High Performer
female,group B,some high school,standard,completed,32,51,44,42.333333333333336,51,32,19,9.60902353693305,Reading,Mathematics,Poor,Consistent,At Risk,At-Risk Performer
female,group E,some high school,free/reduced,none,72,79,77,76.0,79,72,7,3.605551275463989,Reading,Mathematics,Good,Highly Consistent,Not At Risk,Balanced High Performer
female,group B,some college,standard,none,19,38,32,29.666666666666668,38,19,19,9.71253485622231,Reading,Mathematics,Poor,Consistent,At Risk,At-Risk Performer
male,group C,associate's degree,free/reduced,none,68,65,61,64.66666666666667,68,61,7,3.511884584284246,Mathematics,Writing,Average,Highly Consistent,Not At Risk,Developing Performer
female,group C,master's degree,free/reduced,none,52,65,61,59.333333333333336,65,52,13,6.658328118479393,Reading,Mathematics,Below Average,Consistent,Not At Risk,Developing Performer
female,group B,high school,standard,none,48,62,60,56.666666666666664,62,48,14,7.571877794400365,Reading,Mathematics,Below Average,Consistent,Not At Risk,Language-Oriented
female,group D,some college,free/reduced,none,60,66,70,65.33333333333333,70,60,10,5.033222956847166,Writing,Mathematics,Average,Consistent,Not At Risk,Developing Performer
male,group D,high school,free/reduced,none,66,74,69,69.66666666666667,74,66,8,4.041451884327381,Reading,Mathematics,Average,Highly Consistent,Not At Risk,Developing Performer
male,group E,some high school,standard,completed,89,84,77,83.33333333333333,89,77,12,6.027713773341707,Mathematics,Writing,Excellent,Consistent,Not At Risk,Balanced High Performer
female,group B,high school,standard,none,42,52,51,48.333333333333336,52,42,10,5.507570547286102,Reading,Mathematics,Poor,Consistent,At Risk,At-Risk Performer
female,group E,associate's degree,free/reduced,completed,57,68,73,66.0,73,57,16,8.18535277187245,Writing,Mathematics,Average,Consistent,Not At Risk,Language-Oriented
male,group D,high school,standard,none,70,70,70,70.0,70,70,0,0.0,Mathematics,Mathematics,Good,Highly Consistent,Not At Risk,Balanced High Performer
female,group E,associate's degree,free/reduced,none,70,84,81,78.33333333333333,84,70,14,7.3711147958319945,Reading,Mathematics,Good,Consistent,Not At Risk,Balanced High Performer
male,group E,some college,standard,none,69,60,54,61.0,69,54,15,7.54983443527075,Mathematics,Writing,Average,Consistent,Not At Risk,Developing Performer
female,group C,associate's degree,standard,none,52,55,57,54.666666666666664,57,52,5,2.516611478423583,Writing,Mathematics,Below Average,Highly Consistent,Not At Risk,Developing Performer
male,group C,some high school,standard,completed,67,73,68,69.33333333333333,73,67,6,3.214550253664318,Reading,Mathematics,Average,Highly Consistent,Not At Risk,Developing Performer
male,group C,some high school,standard,completed,76,80,73,76.33333333333333,80,73,7,3.511884584284246,Reading,Writing,Good,Highly Consistent,Not At Risk,Balanced High Performer
female,group E,associate's degree,standard,none,87,94,95,92.0,95,87,8,4.358898943540674,Writing,Mathematics,Excellent,Highly Consistent,Not At Risk,Balanced High Performer
female,group B,some college,standard,none,82,85,87,84.66666666666667,87,82,5,2.5166114784235836,Writing,Mathematics,Excellent,Highly Consistent,Not At Risk,Balanced High Performer
female,group C,some college,standard,none,73,76,78,75.66666666666667,78,73,5,2.5166114784235836,Writing,Mathematics,Good,Highly Consistent,Not At Risk,Balanced High Performer
male,group A,some college,free/reduced,none,75,81,74,76.66666666666667,81,74,7,3.7859388972001824,Reading,Writing,Good,Highly Consistent,Not At Risk,Balanced High Performer
female,group D,some college,free/reduced,none,64,74,75,71.0,75,64,11,6.082762530298219,Writing,Mathematics,Good,Consistent,Not At Risk,Language-Oriented
female,group E,high school,free/reduced,none,41,45,40,42.0,45,40,5,2.6457513110645907,Reading,Writing,Poor,Highly Consistent,At Risk,At-Risk Performer
male,group C,high school,standard,none,90,75,69,78.0,90,69,21,10.816653826391969,Mathematics,Writing,Good,Moderately Consistent,Not At Risk,Math-Oriented
male,group B,bachelor's degree,standard,none,59,54,51,54.666666666666664,59,51,8,4.041451884327381,Mathematics,Writing,Below Average,Highly Consistent,Not At Risk,Developing Performer
male,group A,some high school,standard,none,51,31,36,39.333333333333336,51,31,20,10.408329997330663,Mathematics,Reading,Poor,Moderately Consistent,At Risk,At-Risk Performer
male,group A,high school,free/reduced,none,45,47,49,47.0,49,45,4,2.0,Writing,Mathematics,Poor,Highly Consistent,At Risk,At-Risk Performer
female,group C,master's degree,standard,completed,54,64,67,61.666666666666664,67,54,13,6.8068592855540455,Writing,Mathematics,Average,Consistent,Not At Risk,Language-Oriented
male,group E,some high school,standard,completed,87,84,76,82.33333333333333,87,76,11,5.686240703077327,Mathematics,Writing,Excellent,Consistent,Not At Risk,Balanced High Performer
female,group C,high school,standard,none,72,80,83,78.33333333333333,83,72,11,5.686240703077327,Writing,Mathematics,Good,Consistent,Not At Risk,Balanced High Performer
male,group B,some high school,standard,completed,94,86,87,89.0,94,86,8,4.358898943540674,Mathematics,Reading,Excellent,Highly Consistent,Not At Risk,Balanced High Performer
female,group A,bachelor's degree,standard,none,45,59,64,56.0,64,45,19,9.848857801796104,Writing,Mathematics,Below Average,Consistent,Not At Risk,Language-Oriented
male,group D,bachelor's degree,free/reduced,completed,61,70,76,69.0,76,61,15,7.54983443527075,Writing,Mathematics,Average,Consistent,Not At Risk,Developing Performer
female,group B,high school,free/reduced,none,60,72,68,66.66666666666667,72,60,12,6.110100926607787,Reading,Mathematics,Average,Consistent,Not At Risk,Developing Performer
female,group C,some high school,standard,none,77,91,88,85.33333333333333,91,77,14,7.3711147958319945,Reading,Mathematics,Excellent,Consistent,Not At Risk,Balanced High Performer
female,group A,some high school,standard,completed,85,90,92,89.0,92,85,7,3.605551275463989,Writing,Mathematics,Excellent,Highly Consistent,Not At Risk,Balanced High Performer
female,group D,bachelor's degree,free/reduced,none,78,90,93,87.0,93,78,15,7.937253933193772,Writing,Mathematics,Excellent,Consistent,Not At Risk,Balanced High Performer
male,group E,some college,free/reduced,completed,49,52,51,50.666666666666664,52,49,3,1.5275252316519465,Reading,Mathematics,Below Average,Highly Consistent,Not At Risk,Developing Performer
female,group B,high school,free/reduced,none,71,87,82,80.0,87,71,16,8.18535277187245,Reading,Mathematics,Excellent,Consistent,Not At Risk,Balanced High Performer
female,group C,some high school,free/reduced,none,48,58,52,52.666666666666664,58,48,10,5.033222956847167,Reading,Mathematics,Below Average,Consistent,Not At Risk,Developing Performer
male,group C,high school,standard,none,62,67,58,62.333333333333336,67,58,9,4.509249752822894,Reading,Writing,Average,Highly Consistent,Not At Risk,Developing Performer
female,group C,associate's degree,free/reduced,completed,56,68,70,64.66666666666667,70,56,14,7.571877794400366,Writing,Mathematics,Average,Consistent,Not At Risk,Language-Oriented
female,group C,some high school,standard,none,65,69,76,70.0,76,65,11,5.5677643628300215,Writing,Mathematics,Good,Consistent,Not At Risk,Developing Performer
female,group D,some high school,free/reduced,completed,69,86,81,78.66666666666667,86,69,17,8.736894948054106,Reading,Mathematics,Good,Consistent,Not At Risk,Language-Oriented
male,group B,some high school,standard,none,68,54,53,58.333333333333336,68,53,15,8.386497083606084,Mathematics,Writing,Below Average,Consistent,Not At Risk,Math-Oriented
female,group A,some college,free/reduced,none,61,60,57,59.333333333333336,61,57,4,2.0816659994661326,Mathematics,Writing,Below Average,Highly Consistent,Not At Risk,Developing Performer
female,group C,bachelor's degree,free/reduced,completed,74,86,89,83.0,89,74,15,7.937253933193772,Writing,Mathematics,Excellent,Consistent,Not At Risk,Balanced High Performer
male,group A,bachelor's degree,standard,none,64,60,58,60.666666666666664,64,58,6,3.055050463303893,Mathematics,Writing,Average,Highly Consistent,Not At Risk,Developing Performer
female,group B,high school,standard,completed,77,82,89,82.66666666666667,89,77,12,6.027713773341707,Writing,Mathematics,Excellent,Consistent,Not At Risk,Balanced High Performer
male,group B,some college,standard,none,58,50,45,51.0,58,45,13,6.557438524302,Mathematics,Writing,Below Average,Consistent,Not At Risk,Developing Performer
female,group C,high school,standard,completed,60,64,74,66.0,74,60,14,7.211102550927978,Writing,Mathematics,Average,Consistent,Not At Risk,Developing Performer
male,group E,high school,standard,none,73,64,57,64.66666666666667,73,57,16,8.020806277010644,Mathematics,Writing,Average,Consistent,Not At Risk,Developing Performer
female,group A,high school,standard,completed,75,82,79,78.66666666666667,82,75,7,3.511884584284246,Reading,Mathematics,Good,Highly Consistent,Not At Risk,Balanced High Performer
male,group B,associate's degree,free/reduced,completed,58,57,53,56.0,58,53,5,2.6457513110645907,Mathematics,Writing,Below Average,Highly Consistent,Not At Risk,Developing Performer
female,group C,associate's degree,standard,none,66,77,73,72.0,77,66,11,5.5677643628300215,Reading,Mathematics,Good,Consistent,Not At Risk,Developing Performer
female,group D,high school,free/reduced,none,39,52,46,45.666666666666664,52,39,13,6.506407098647712,Reading,Mathematics,Poor,Consistent,At Risk,At-Risk Performer
male,group C,some high school,standard,none,64,58,51,57.666666666666664,64,51,13,6.506407098647712,Mathematics,Writing,Below Average,Consistent,Not At Risk,Developing Performer
female,group B,high school,free/reduced,completed,23,44,36,34.333333333333336,44,23,21,10.598742063723098,Reading,Mathematics,Poor,Moderately Consistent,At Risk,At-Risk Performer
male,group B,some college,free/reduced,completed,74,77,76,75.66666666666667,77,74,3,1.5275252316519468,Reading,Mathematics,Good,Highly Consistent,Not At Risk,Balanced High Performer
female,group D,some high school,free/reduced,completed,40,65,64,56.333333333333336,65,40,25,14.153915830374762,Reading,Mathematics,Below Average,Moderately Consistent,Not At Risk,Language-Oriented
male,group E,master's degree,standard,none,90,85,84,86.33333333333333,90,84,6,3.214550253664318,Mathematics,Writing,Excellent,Highly Consistent,Not At Risk,Balanced High Performer
male,group C,master's degree,standard,completed,91,85,85,87.0,91,85,6,3.4641016151377544,Mathematics,Reading,Excellent,Highly Consistent,Not At Risk,Balanced High Performer
male,group D,high school,standard,none,64,54,50,56.0,64,50,14,7.211102550927978,Mathematics,Writing,Below Average,Consistent,Not At Risk,Math-Oriented
female,group C,high school,standard,none,59,72,68,66.33333333333333,72,59,13,6.658328118479393,Reading,Mathematics,Average,Consistent,Not At Risk,Developing Performer
male,group D,associate's degree,standard,none,80,75,69,74.66666666666667,80,69,11,5.507570547286102,Mathematics,Writing,Good,Consistent,Not At Risk,Developing Performer
male,group C,master's degree,standard,none,71,67,67,68.33333333333333,71,67,4,2.3094010767585034,Mathematics,Reading,Average,Highly Consistent,Not At Risk,Developing Performer
female,group A,high school,standard,none,61,68,63,64.0,68,61,7,3.605551275463989,Reading,Mathematics,Average,Highly Consistent,Not At Risk,Developing Performer
female,group E,some college,standard,none,87,85,93,88.33333333333333,93,85,8,4.163331998932265,Writing,Reading,Excellent,Highly Consistent,Not At Risk,Balanced High Performer
male,group E,some high school,standard,none,82,67,61,70.0,82,61,21,10.816653826391969,Mathematics,Writing,Good,Moderately Consistent,Not At Risk,Math-Oriented
male,group C,some high school,standard,none,62,64,55,60.333333333333336,64,55,9,4.725815626252609,Reading,Writing,Average,Highly Consistent,Not At Risk,Developing Performer
female,group B,bachelor's degree,standard,none,97,97,96,96.66666666666667,97,96,1,0.5773502691896257,Mathematics,Writing,Excellent,Highly Consistent,Not At Risk,Balanced High Performer
male,group B,some college,free/reduced,none,75,68,65,69.33333333333333,75,65,10,5.131601439446884,Mathematics,Writing,Average,Consistent,Not At Risk,Developing Performer
female,group C,bachelor's degree,standard,none,65,79,81,75.0,81,65,16,8.717797887081348,Writing,Mathematics,Good,Consistent,Not At Risk,Language-Oriented
male,group B,high school,standard,completed,52,49,46,49.0,52,46,6,3.0,Mathematics,Writing,Poor,Highly Consistent,At Risk,At-Risk Performer
male,group C,associate's degree,free/reduced,none,87,73,72,77.33333333333333,87,72,15,8.386497083606084,Mathematics,Writing,Good,Consistent,Not At Risk,Balanced High Performer
female,group C,associate's degree,standard,none,53,62,53,56.0,62,53,9,5.196152422706632,Reading,Mathematics,Below Average,Consistent,Not At Risk,Developing Performer
female,group E,master's degree,free/reduced,none,81,86,87,84.66666666666667,87,81,6,3.214550253664318,Writing,Mathematics,Excellent,Highly Consistent,Not At Risk,Balanced High Performer
male,group D,bachelor's degree,free/reduced,completed,39,42,38,39.666666666666664,42,38,4,2.0816659994661326,Reading,Writing,Poor,Highly Consistent,At Risk,At-Risk Performer
female,group C,some college,standard,completed,71,71,80,74.0,80,71,9,5.196152422706632,Writing,Mathematics,Good,Consistent,Not At Risk,Balanced High Performer
male,group C,associate's degree,standard,none,97,93,91,93.66666666666667,97,91,6,3.055050463303893,Mathematics,Writing,Excellent,Highly Consistent,Not At Risk,Balanced High Performer
male,group D,some college,standard,completed,82,82,88,84.0,88,82,6,3.4641016151377544,Writing,Mathematics,Excellent,Highly Consistent,Not At Risk,Balanced High Performer
male,group C,high school,free/reduced,none,59,53,52,54.666666666666664,59,52,7,3.785938897200183,Mathematics,Writing,Below Average,Highly Consistent,Not At Risk,Developing Performer
male,group B,associate's degree,standard,none,61,42,41,48.0,61,41,20,11.269427669584644,Mathematics,Writing,Poor,Moderately Consistent,At Risk,At-Risk Performer
male,group E,associate's degree,free/reduced,completed,78,74,72,74.66666666666667,78,72,6,3.055050463303893,Mathematics,Writing,Good,Highly Consistent,Not At Risk,Balanced High Performer
male,group C,associate's degree,free/reduced,none,49,51,51,50.333333333333336,51,49,2,1.1547005383792517,Reading,Mathematics,Below Average,Highly Consistent,Not At Risk,Developing Performer
male,group B,high school,standard,none,59,58,47,54.666666666666664,59,47,12,6.658328118479393,Mathematics,Writing,Below Average,Consistent,Not At Risk,Developing Performer
female,group C,some college,standard,completed,70,72,76,72.66666666666667,76,70,6,3.055050463303893,Writing,Mathematics,Good,Highly Consistent,Not At Risk,Balanced High Performer
male,group B,associate's degree,standard,completed,82,84,78,81.33333333333333,84,78,6,3.055050463303893,Reading,Writing,Excellent,Highly Consistent,Not At Risk,Balanced High Performer
male,group E,associate's degree,free/reduced,none,90,90,82,87.33333333333333,90,82,8,4.618802153517006,Mathematics,Writing,Excellent,Highly Consistent,Not At Risk,Balanced High Performer
female,group C,bachelor's degree,free/reduced,none,43,62,61,55.333333333333336,62,43,19,10.692676621563628,Reading,Mathematics,Below Average,Moderately Consistent,Not At Risk,Language-Oriented
male,group C,some college,free/reduced,none,80,64,66,70.0,80,64,16,8.717797887081348,Mathematics,Reading,Good,Consistent,Not At Risk,Math-Oriented
male,group D,some college,standard,none,81,82,84,82.33333333333333,84,81,3,1.5275252316519468,Writing,Mathematics,Excellent,Highly Consistent,Not At Risk,Balanced High Performer
male,group C,some high school,standard,none,57,61,54,57.333333333333336,61,54,7,3.511884584284246,Reading,Writing,Below Average,Highly Consistent,Not At Risk,Developing Performer
female,group D,some high school,standard,none,59,72,80,70.33333333333333,80,59,21,10.598742063723098,Writing,Mathematics,Good,Moderately Consistent,Not At Risk,Language-Oriented
female,group D,associate's degree,standard,none,64,76,74,71.33333333333333,76,64,12,6.429100507328637,Reading,Mathematics,Good,Consistent,Not At Risk,Language-Oriented
male,group C,bachelor's degree,standard,completed,63,64,66,64.33333333333333,66,63,3,1.5275252316519468,Writing,Mathematics,Average,Highly Consistent,Not At Risk,Developing Performer
female,group E,bachelor's degree,standard,completed,71,70,70,70.33333333333333,71,70,1,0.5773502691896257,Mathematics,Reading,Good,Highly Consistent,Not At Risk,Balanced High Performer
female,group B,high school,free/reduced,none,64,73,71,69.33333333333333,73,64,9,4.725815626252608,Reading,Mathematics,Average,Highly Consistent,Not At Risk,Developing Performer
male,group D,bachelor's degree,free/reduced,none,55,46,44,48.333333333333336,55,44,11,5.8594652770823155,Mathematics,Writing,Poor,Consistent,At Risk,At-Risk Performer
female,group E,associate's degree,standard,none,51,51,54,52.0,54,51,3,1.7320508075688772,Writing,Mathematics,Below Average,Highly Consistent,Not At Risk,Developing Performer
female,group C,associate's degree,standard,completed,62,76,80,72.66666666666667,80,62,18,9.451631252505218,Writing,Mathematics,Good,Consistent,Not At Risk,Language-Oriented
female,group E,associate's degree,standard,completed,93,100,95,96.0,100,93,7,3.605551275463989,Reading,Mathematics,Excellent,Highly Consistent,Not At Risk,Balanced High Performer
male,group C,high school,free/reduced,none,54,72,59,61.666666666666664,72,54,18,9.291573243177568,Reading,Mathematics,Average,Consistent,Not At Risk,Developing Performer
female,group D,some college,free/reduced,none,69,65,74,69.33333333333333,74,65,9,4.509249752822894,Writing,Reading,Average,Highly Consistent,Not At Risk,Developing Performer
male,group D,high school,free/reduced,none,44,51,48,47.666666666666664,51,44,7,3.5118845842842465,Reading,Mathematics,Poor,Highly Consistent,At Risk,At-Risk Performer
female,group E,some college,standard,completed,86,85,91,87.33333333333333,91,85,6,3.214550253664318,Writing,Reading,Excellent,Highly Consistent,Not At Risk,Balanced High Performer
female,group E,associate's degree,standard,none,85,92,85,87.33333333333333,92,85,7,4.041451884327381,Reading,Mathematics,Excellent,Highly Consistent,Not At Risk,Balanced High Performer
female,group A,master's degree,free/reduced,none,50,67,73,63.333333333333336,73,50,23,11.930353445448853,Writing,Mathematics,Average,Moderately Consistent,Not At Risk,Language-Oriented
male,group D,some high school,standard,completed,88,74,75,79.0,88,74,14,7.810249675906654,Mathematics,Reading,Good,Consistent,Not At Risk,Balanced High Performer
female,group E,associate's degree,standard,none,59,62,69,63.333333333333336,69,59,10,5.131601439446884,Writing,Mathematics,Average,Consistent,Not At Risk,Developing Performer
female,group E,some high school,free/reduced,none,32,34,38,34.666666666666664,38,32,6,3.055050463303893,Writing,Mathematics,Poor,Highly Consistent,At Risk,At-Risk Performer
male,group B,high school,free/reduced,none,36,29,27,30.666666666666668,36,27,9,4.725815626252609,Mathematics,Writing,Poor,Highly Consistent,At Risk,At-Risk Performer
female,group B,some high school,free/reduced,completed,63,78,79,73.33333333333333,79,63,16,8.962886439832502,Writing,Mathematics,Good,Consistent,Not At Risk,Language-Oriented
male,group D,associate's degree,standard,completed,67,54,63,61.333333333333336,67,54,13,6.658328118479393,Mathematics,Reading,Average,Consistent,Not At Risk,Developing Performer
female,group D,some high school,standard,completed,65,78,82,75.0,82,65,17,8.888194417315589,Writing,Mathematics,Good,Consistent,Not At Risk,Language-Oriented
male,group D,master's degree,standard,none,85,84,89,86.0,89,84,5,2.6457513110645907,Writing,Reading,Excellent,Highly Consistent,Not At Risk,Balanced High Performer
female,group C,master's degree,standard,none,73,78,74,75.0,78,73,5,2.6457513110645907,Reading,Mathematics,Good,Highly Consistent,Not At Risk,Balanced High Performer
female,group A,high school,free/reduced,completed,34,48,41,41.0,48,34,14,7.0,Reading,Mathematics,Poor,Consistent,At Risk,At-Risk Performer
female,group D,bachelor's degree,free/reduced,completed,93,100,100,97.66666666666667,100,93,7,4.041451884327381,Reading,Mathematics,Excellent,Highly Consistent,Not At Risk,Balanced High Performer
female,group D,some high school,free/reduced,none,67,84,84,78.33333333333333,84,67,17,9.814954576223638,Reading,Mathematics,Good,Consistent,Not At Risk,Language-Oriented
male,group D,some college,standard,none,88,77,77,80.66666666666667,88,77,11,6.350852961085883,Mathematics,Reading,Excellent,Consistent,Not At Risk,Balanced High Performer
male,group B,high school,standard,none,57,48,51,52.0,57,48,9,4.58257569495584,Mathematics,Reading,Below Average,Highly Consistent,Not At Risk,Developing Performer
female,group D,some college,standard,completed,79,84,91,84.66666666666667,91,79,12,6.027713773341707,Writing,Mathematics,Excellent,Consistent,Not At Risk,Balanced High Performer
female,group C,bachelor's degree,free/reduced,none,67,75,72,71.33333333333333,75,67,8,4.041451884327381,Reading,Mathematics,Good,Highly Consistent,Not At Risk,Developing Performer
male,group E,bachelor's degree,standard,completed,70,64,70,68.0,70,64,6,3.4641016151377544,Mathematics,Reading,Average,Highly Consistent,Not At Risk,Developing Performer
male,group D,bachelor's degree,free/reduced,none,50,42,48,46.666666666666664,50,42,8,4.163331998932266,Mathematics,Reading,Poor,Highly Consistent,At Risk,At-Risk Performer
female,group A,some college,standard,none,69,84,82,78.33333333333333,84,69,15,8.144527815247079,Reading,Mathematics,Good,Consistent,Not At Risk,Language-Oriented
female,group C,bachelor's degree,standard,completed,52,61,66,59.666666666666664,66,52,14,7.094598884597588,Writing,Mathematics,Below Average,Consistent,Not At Risk,Developing Performer
female,group C,bachelor's degree,free/reduced,completed,47,62,66,58.333333333333336,66,47,19,10.016652800877813,Writing,Mathematics,Below Average,Moderately Consistent,Not At Risk,Language-Oriented
female,group B,associate's degree,free/reduced,none,46,61,55,54.0,61,46,15,7.54983443527075,Reading,Mathematics,Below Average,Consistent,Not At Risk,Developing Performer
female,group E,some college,standard,none,68,70,66,68.0,70,66,4,2.0,Reading,Writing,Average,Highly Consistent,Not At Risk,Developing Performer
male,group E,bachelor's degree,standard,completed,100,100,100,100.0,100,100,0,0.0,Mathematics,Mathematics,Excellent,Highly Consistent,Not At Risk,Balanced High Performer
female,group C,high school,standard,none,44,61,52,52.333333333333336,61,44,17,8.504900548115382,Reading,Mathematics,Below Average,Consistent,Not At Risk,Developing Performer
female,group C,associate's degree,standard,completed,57,77,80,71.33333333333333,80,57,23,12.503332889007368,Writing,Mathematics,Good,Moderately Consistent,Not At Risk,Language-Oriented
male,group B,some college,standard,completed,91,96,91,92.66666666666667,96,91,5,2.8867513459481287,Reading,Mathematics,Excellent,Highly Consistent,Not At Risk,Balanced High Performer
male,group D,high school,free/reduced,none,69,70,67,68.66666666666667,70,67,3,1.5275252316519468,Reading,Writing,Average,Highly Consistent,Not At Risk,Developing Performer
female,group C,high school,free/reduced,none,35,53,46,44.666666666666664,53,35,18,9.073771725877465,Reading,Mathematics,Poor,Consistent,At Risk,At-Risk Performer
male,group D,high school,standard,none,72,66,66,68.0,72,66,6,3.4641016151377544,Mathematics,Reading,Average,Highly Consistent,Not At Risk,Developing Performer
female,group B,associate's degree,free/reduced,none,54,65,65,61.333333333333336,65,54,11,6.3508529610858835,Reading,Mathematics,Average,Consistent,Not At Risk,Language-Oriented
male,group D,high school,free/reduced,none,74,70,69,71.0,74,69,5,2.6457513110645907,Mathematics,Writing,Good,Highly Consistent,Not At Risk,Developing Performer
male,group E,some high school,standard,completed,74,64,60,66.0,74,60,14,7.211102550927978,Mathematics,Writing,Average,Consistent,Not At Risk,Math-Oriented
male,group E,associate's degree,free/reduced,none,64,56,52,57.333333333333336,64,52,12,6.110100926607787,Mathematics,Writing,Below Average,Consistent,Not At Risk,Developing Performer
female,group D,high school,free/reduced,completed,65,61,71,65.66666666666667,71,61,10,5.033222956847166,Writing,Reading,Average,Consistent,Not At Risk,Developing Performer
male,group E,associate's degree,free/reduced,completed,46,43,44,44.333333333333336,46,43,3,1.5275252316519465,Mathematics,Reading,Poor,Highly Consistent,At Risk,At-Risk Performer
female,group C,some high school,free/reduced,none,48,56,51,51.666666666666664,56,48,8,4.041451884327381,Reading,Mathematics,Below Average,Highly Consistent,Not At Risk,Developing Performer
male,group C,some college,free/reduced,completed,67,74,70,70.33333333333333,74,67,7,3.511884584284246,Reading,Mathematics,Good,Highly Consistent,Not At Risk,Developing Performer
male,group D,some college,free/reduced,none,62,57,62,60.333333333333336,62,57,5,2.8867513459481287,Mathematics,Reading,Average,Highly Consistent,Not At Risk,Developing Performer
male,group D,associate's degree,free/reduced,completed,61,71,73,68.33333333333333,73,61,12,6.429100507328636,Writing,Mathematics,Average,Consistent,Not At Risk,Language-Oriented
male,group C,bachelor's degree,free/reduced,completed,70,75,74,73.0,75,70,5,2.6457513110645907,Reading,Mathematics,Good,Highly Consistent,Not At Risk,Balanced High Performer
male,group C,associate's degree,standard,completed,98,87,90,91.66666666666667,98,87,11,5.686240703077327,Mathematics,Reading,Excellent,Consistent,Not At Risk,Balanced High Performer
male,group D,some college,free/reduced,none,70,63,58,63.666666666666664,70,58,12,6.027713773341708,Mathematics,Writing,Average,Consistent,Not At Risk,Developing Performer
male,group A,associate's degree,standard,none,67,57,53,59.0,67,53,14,7.211102550927978,Mathematics,Writing,Below Average,Consistent,Not At Risk,Math-Oriented
female,group E,high school,free/reduced,none,57,58,57,57.333333333333336,58,57,1,0.5773502691896258,Reading,Mathematics,Below Average,Highly Consistent,Not At Risk,Developing Performer
male,group D,some college,standard,completed,85,81,85,83.66666666666667,85,81,4,2.3094010767585034,Mathematics,Reading,Excellent,Highly Consistent,Not At Risk,Balanced High Performer
male,group D,some high school,standard,completed,77,68,69,71.33333333333333,77,68,9,4.932882862316247,Mathematics,Reading,Good,Highly Consistent,Not At Risk,Developing Performer
male,group C,master's degree,free/reduced,completed,72,66,72,70.0,72,66,6,3.4641016151377544,Mathematics,Reading,Good,Highly Consistent,Not At Risk,Developing Performer
female,group D,master's degree,standard,none,78,91,96,88.33333333333333,96,78,18,9.29157324317757,Writing,Mathematics,Excellent,Consistent,Not At Risk,Balanced High Performer
male,group C,high school,standard,none,81,66,64,70.33333333333333,81,64,17,9.29157324317757,Mathematics,Writing,Good,Consistent,Not At Risk,Math-Oriented
male,group A,some high school,free/reduced,completed,61,62,61,61.333333333333336,62,61,1,0.5773502691896258,Reading,Mathematics,Average,Highly Consistent,Not At Risk,Developing Performer
female,group B,high school,standard,none,58,68,61,62.333333333333336,68,58,10,5.131601439446884,Reading,Mathematics,Average,Consistent,Not At Risk,Developing Performer
female,group C,associate's degree,standard,none,54,61,58,57.666666666666664,61,54,7,3.5118845842842465,Reading,Mathematics,Below Average,Highly Consistent,Not At Risk,Developing Performer
male,group B,high school,standard,none,82,82,80,81.33333333333333,82,80,2,1.1547005383792517,Mathematics,Writing,Excellent,Highly Consistent,Not At Risk,Balanced High Performer
female,group D,some college,free/reduced,none,49,58,60,55.666666666666664,60,49,11,5.8594652770823155,Writing,Mathematics,Below Average,Consistent,Not At Risk,Developing Performer
male,group B,some high school,free/reduced,completed,49,50,52,50.333333333333336,52,49,3,1.5275252316519465,Writing,Mathematics,Below Average,Highly Consistent,Not At Risk,Developing Performer
female,group E,high school,free/reduced,completed,57,75,73,68.33333333333333,75,57,18,9.865765724632496,Reading,Mathematics,Average,Consistent,Not At Risk,Language-Oriented
male,group E,high school,standard,none,94,73,71,79.33333333333333,94,71,23,12.741009902410928,Mathematics,Writing,Good,Moderately Consistent,Not At Risk,Balanced High Performer
female,group D,some college,standard,completed,75,77,83,78.33333333333333,83,75,8,4.163331998932265,Writing,Mathematics,Good,Highly Consistent,Not At Risk,Balanced High Performer
female,group E,some high school,free/reduced,none,74,74,72,73.33333333333333,74,72,2,1.1547005383792517,Mathematics,Writing,Good,Highly Consistent,Not At Risk,Balanced High Performer
male,group C,high school,standard,completed,58,52,54,54.666666666666664,58,52,6,3.0550504633038935,Mathematics,Reading,Below Average,Highly Consistent,Not At Risk,Developing Performer
female,group C,some college,standard,none,62,69,69,66.66666666666667,69,62,7,4.041451884327381,Reading,Mathematics,Average,Highly Consistent,Not At Risk,Developing Performer
male,group E,associate's degree,standard,none,72,57,62,63.666666666666664,72,57,15,7.637626158259733,Mathematics,Reading,Average,Consistent,Not At Risk,Math-Oriented
male,group C,some college,standard,none,84,87,81,84.0,87,81,6,3.0,Reading,Writing,Excellent,Highly Consistent,Not At Risk,Balanced High Performer
female,group D,master's degree,standard,none,92,100,100,97.33333333333333,100,92,8,4.618802153517006,Reading,Mathematics,Excellent,Highly Consistent,Not At Risk,Balanced High Performer
female,group D,high school,standard,none,45,63,59,55.666666666666664,63,45,18,9.451631252505216,Reading,Mathematics,Below Average,Consistent,Not At Risk,Language-Oriented
male,group C,high school,standard,none,75,81,71,75.66666666666667,81,71,10,5.033222956847166,Reading,Writing,Good,Consistent,Not At Risk,Balanced High Performer
female,group A,some college,standard,none,56,58,64,59.333333333333336,64,56,8,4.163331998932266,Writing,Mathematics,Below Average,Highly Consistent,Not At Risk,Developing Performer
female,group D,some high school,free/reduced,none,48,54,53,51.666666666666664,54,48,6,3.2145502536643185,Reading,Mathematics,Below Average,Highly Consistent,Not At Risk,Developing Performer
female,group E,associate's degree,standard,none,100,100,100,100.0,100,100,0,0.0,Mathematics,Mathematics,Excellent,Highly Consistent,Not At Risk,Balanced High Performer
female,group C,some high school,free/reduced,completed,65,76,75,72.0,76,65,11,6.082762530298219,Reading,Mathematics,Good,Consistent,Not At Risk,Language-Oriented
male,group D,some college,standard,none,72,57,58,62.333333333333336,72,57,15,8.386497083606084,Mathematics,Reading,Average,Consistent,Not At Risk,Math-Oriented
female,group D,some college,standard,none,62,70,72,68.0,72,62,10,5.291502622129181,Writing,Mathematics,Average,Consistent,Not At Risk,Developing Performer
male,group A,some high school,standard,completed,66,68,64,66.0,68,64,4,2.0,Reading,Writing,Average,Highly Consistent,Not At Risk,Developing Performer
male,group C,some college,standard,none,63,63,60,62.0,63,60,3,1.7320508075688772,Mathematics,Writing,Average,Highly Consistent,Not At Risk,Developing Performer
female,group E,associate's degree,standard,none,68,76,67,70.33333333333333,76,67,9,4.932882862316247,Reading,Writing,Good,Highly Consistent,Not At Risk,Developing Performer
female,group B,bachelor's degree,standard,none,75,84,80,79.66666666666667,84,75,9,4.509249752822894,Reading,Mathematics,Good,Highly Consistent,Not At Risk,Balanced High Performer
female,group D,bachelor's degree,standard,none,89,100,100,96.33333333333333,100,89,11,6.350852961085883,Reading,Mathematics,Excellent,Consistent,Not At Risk,Balanced High Performer
male,group C,some high school,standard,completed,78,72,69,73.0,78,69,9,4.58257569495584,Mathematics,Writing,Good,Highly Consistent,Not At Risk,Developing Performer
female,group A,high school,free/reduced,completed,53,50,60,54.333333333333336,60,50,10,5.131601439446884,Writing,Reading,Below Average,Consistent,Not At Risk,Developing Performer
female,group D,some college,free/reduced,none,49,65,61,58.333333333333336,65,49,16,8.32666399786453,Reading,Mathematics,Below Average,Consistent,Not At Risk,Language-Oriented
female,group A,some college,standard,none,54,63,67,61.333333333333336,67,54,13,6.658328118479393,Writing,Mathematics,Average,Consistent,Not At Risk,Developing Performer
female,group C,some college,standard,completed,64,82,77,74.33333333333333,82,64,18,9.29157324317757,Reading,Mathematics,Good,Consistent,Not At Risk,Language-Oriented
male,group B,some college,free/reduced,completed,60,62,60,60.666666666666664,62,60,2,1.1547005383792517,Reading,Mathematics,Average,Highly Consistent,Not At Risk,Developing Performer
male,group C,associate's degree,standard,none,62,65,58,61.666666666666664,65,58,7,3.511884584284246,Reading,Writing,Average,Highly Consistent,Not At Risk,Developing Performer
male,group D,high school,standard,completed,55,41,48,48.0,55,41,14,7.0,Mathematics,Reading,Poor,Consistent,At Risk,At-Risk Performer
female,group C,associate's degree,standard,none,91,95,94,93.33333333333333,95,91,4,2.0816659994661326,Reading,Mathematics,Excellent,Highly Consistent,Not At Risk,Balanced High Performer
female,group B,high school,free/reduced,none,8,24,23,18.333333333333332,24,8,16,8.962886439832502,Reading,Mathematics,Poor,Consistent,At Risk,At-Risk Performer
male,group D,some high school,standard,none,81,78,78,79.0,81,78,3,1.7320508075688772,Mathematics,Reading,Good,Highly Consistent,Not At Risk,Balanced High Performer
male,group B,some high school,standard,completed,79,85,86,83.33333333333333,86,79,7,3.7859388972001824,Writing,Mathematics,Excellent,Highly Consistent,Not At Risk,Balanced High Performer
female,group A,some college,standard,completed,78,87,91,85.33333333333333,91,78,13,6.6583281184793925,Writing,Mathematics,Excellent,Consistent,Not At Risk,Balanced High Performer
female,group C,some high school,standard,none,74,75,82,77.0,82,74,8,4.358898943540674,Writing,Mathematics,Good,Highly Consistent,Not At Risk,Balanced High Performer
male,group A,high school,standard,none,57,51,54,54.0,57,51,6,3.0,Mathematics,Reading,Below Average,Highly Consistent,Not At Risk,Developing Performer
female,group C,associate's degree,standard,none,40,59,51,50.0,59,40,19,9.539392014169456,Reading,Mathematics,Below Average,Consistent,Not At Risk,Language-Oriented
male,group E,some high school,standard,completed,81,75,76,77.33333333333333,81,75,6,3.214550253664318,Mathematics,Reading,Good,Highly Consistent,Not At Risk,Balanced High Performer
female,group A,some high school,free/reduced,none,44,45,45,44.666666666666664,45,44,1,0.5773502691896258,Reading,Mathematics,Poor,Highly Consistent,At Risk,At-Risk Performer
female,group D,some college,free/reduced,completed,67,86,83,78.66666666666667,86,67,19,10.214368964029708,Reading,Mathematics,Good,Moderately Consistent,Not At Risk,Language-Oriented
male,group E,high school,free/reduced,completed,86,81,75,80.66666666666667,86,75,11,5.507570547286102,Mathematics,Writing,Excellent,Consistent,Not At Risk,Balanced High Performer
female,group B,some high school,standard,completed,65,82,78,75.0,82,65,17,8.888194417315589,Reading,Mathematics,Good,Consistent,Not At Risk,Language-Oriented
female,group D,associate's degree,free/reduced,none,55,76,76,69.0,76,55,21,12.12435565298214,Reading,Mathematics,Average,Moderately Consistent,Not At Risk,Language-Oriented
female,group D,bachelor's degree,free/reduced,none,62,72,74,69.33333333333333,74,62,12,6.429100507328636,Writing,Mathematics,Average,Consistent,Not At Risk,Language-Oriented
male,group A,high school,standard,none,63,63,62,62.666666666666664,63,62,1,0.5773502691896258,Mathematics,Writing,Average,Highly Consistent,Not At Risk,Developing Performer
female,group E,master's degree,standard,completed,88,99,95,94.0,99,88,11,5.5677643628300215,Reading,Mathematics,Excellent,Consistent,Not At Risk,Balanced High Performer
male,group C,high school,free/reduced,none,62,55,55,57.333333333333336,62,55,7,4.041451884327381,Mathematics,Reading,Below Average,Highly Consistent,Not At Risk,Developing Performer
female,group C,high school,free/reduced,completed,59,71,65,65.0,71,59,12,6.0,Reading,Mathematics,Average,Consistent,Not At Risk,Developing Performer
female,group D,some college,standard,completed,68,78,77,74.33333333333333,78,68,10,5.507570547286102,Reading,Mathematics,Good,Consistent,Not At Risk,Developing Performer
female,group D,some college,free/reduced,none,77,86,86,83.0,86,77,9,5.196152422706632,Reading,Mathematics,Excellent,Consistent,Not At Risk,Balanced High Performer
